dantranh	Chordophones/Zithers/Dan Tranh/FX/FX_01.wav	https://raw.githubusercontent.com/sgossner/VCSL/master/Chordophones/Zithers/Dan%20Tranh/FX/FX_01.wav
dantranh	Chordophones/Zithers/Dan Tranh/FX/FX_03.wav	https://raw.githubusercontent.com/sgossner/VCSL/master/Chordophones/Zithers/Dan%20Tranh/FX/FX_03.wav
dantranh	Chordophones/Zithers/Dan Tranh/FX/FX_05c.wav	https://raw.githubusercontent.com/sgossner/VCSL/master/Chordophones/Zithers/Dan%20Tranh/FX/FX_05c.wav
dantranh	Chordophones/Zithers/Dan Tranh/FX/FX_07c.wav	https://raw.githubusercontent.com/sgossner/VCSL/master/Chordophones/Zithers/Dan%20Tranh/FX/FX_07c.wav
dantranh	Chordophones/Zithers/Dan Tranh/FX/FX_18.wav	https://raw.githubusercontent.com/sgossner/VCSL/master/Chordophones/Zithers/Dan%20Tranh/FX/FX_18.wav
dantranh	Chordophones/Zithers/Dan Tranh/FX/FX_22.wav	https://raw.githubusercontent.com/sgossner/VCSL/master/Chordophones/Zithers/Dan%20Tranh/FX/FX_22.wav
dantranh	Chordophones/Zithers/Dan Tranh/FX/FX_30.wav	https://raw.githubusercontent.com/sgossner/VCSL/master/Chordophones/Zithers/Dan%20Tranh/FX/FX_30.wav
dantranh	Chordophones/Zithers/Dan Tranh/Gliss/Gliss_Dwn_Med_ff_1.wav	https://raw.githubusercontent.com/sgossner/VCSL/master/Chordophones/Zithers/Dan%20Tranh/Gliss/Gliss_Dwn_Med_ff_1.wav
dantranh	Chordophones/Zithers/Dan Tranh/Gliss/Gliss_Dwn_Med_mf_1.wav	https://raw.githubusercontent.com/sgossner/VCSL/master/Chordophones/Zithers/Dan%20Tranh/Gliss/Gliss_Dwn_Med_mf_1.wav
dantranh	Chordophones/Zithers/Dan Tranh/Gliss/Gliss_Dwn_Slw_ff_1.wav	https://raw.githubusercontent.com/sgossner/VCSL/master/Chordophones/Zithers/Dan%20Tranh/Gliss/Gliss_Dwn_Slw_ff_1.wav
dantranh	Chordophones/Zithers/Dan Tranh/Gliss/Gliss_Dwn_Slw_mf_2.wav	https://raw.githubusercontent.com/sgossner/VCSL/master/Chordophones/Zithers/Dan%20Tranh/Gliss/Gliss_Dwn_Slw_mf_2.wav
dantranh	Chordophones/Zithers/Dan Tranh/Gliss/Gliss_Dwn_Swl_ff_1.wav	https://raw.githubusercontent.com/sgossner/VCSL/master/Chordophones/Zithers/Dan%20Tranh/Gliss/Gliss_Dwn_Swl_ff_1.wav
dantranh	Chordophones/Zithers/Dan Tranh/Gliss/Gliss_Dwn_Swl_mf_1.wav	https://raw.githubusercontent.com/sgossner/VCSL/master/Chordophones/Zithers/Dan%20Tranh/Gliss/Gliss_Dwn_Swl_mf_1.wav
dantranh	Chordophones/Zithers/Dan Tranh/Gliss/Gliss_Up_Med_ff_1.wav	https://raw.githubusercontent.com/sgossner/VCSL/master/Chordophones/Zithers/Dan%20Tranh/Gliss/Gliss_Up_Med_ff_1.wav
dantranh	Chordophones/Zithers/Dan Tranh/Gliss/Gliss_Up_Med_mf_1.wav	https://raw.githubusercontent.com/sgossner/VCSL/master/Chordophones/Zithers/Dan%20Tranh/Gliss/Gliss_Up_Med_mf_1.wav
dantranh	Chordophones/Zithers/Dan Tranh/Gliss/Gliss_Up_Slw_ff_2.wav	https://raw.githubusercontent.com/sgossner/VCSL/master/Chordophones/Zithers/Dan%20Tranh/Gliss/Gliss_Up_Slw_ff_2.wav
dantranh	Chordophones/Zithers/Dan Tranh/Gliss/Gliss_Up_Slw_mf_1.wav	https://raw.githubusercontent.com/sgossner/VCSL/master/Chordophones/Zithers/Dan%20Tranh/Gliss/Gliss_Up_Slw_mf_1.wav
dantranh	Chordophones/Zithers/Dan Tranh/Gliss/Gliss_Up_Swl_ff_1.wav	https://raw.githubusercontent.com/sgossner/VCSL/master/Chordophones/Zithers/Dan%20Tranh/Gliss/Gliss_Up_Swl_ff_1.wav
dantranh	Chordophones/Zithers/Dan Tranh/Gliss/Gliss_Up_Swl_mf_1.wav	https://raw.githubusercontent.com/sgossner/VCSL/master/Chordophones/Zithers/Dan%20Tranh/Gliss/Gliss_Up_Swl_mf_1.wav
dantranh	Chordophones/Zithers/Dan Tranh/Normal/B1_f_1.wav	https://raw.githubusercontent.com/sgossner/VCSL/master/Chordophones/Zithers/Dan%20Tranh/Normal/B1_f_1.wav
dantranh	Chordophones/Zithers/Dan Tranh/Normal/B1_ff_1.wav	https://raw.githubusercontent.com/sgossner/VCSL/master/Chordophones/Zithers/Dan%20Tranh/Normal/B1_ff_1.wav
dantranh	Chordophones/Zithers/Dan Tranh/Normal/B1_mf_1.wav	https://raw.githubusercontent.com/sgossner/VCSL/master/Chordophones/Zithers/Dan%20Tranh/Normal/B1_mf_1.wav
dantranh	Chordophones/Zithers/Dan Tranh/Normal/B2_f_1.wav	https://raw.githubusercontent.com/sgossner/VCSL/master/Chordophones/Zithers/Dan%20Tranh/Normal/B2_f_1.wav
dantranh	Chordophones/Zithers/Dan Tranh/Normal/B2_ff_1.wav	https://raw.githubusercontent.com/sgossner/VCSL/master/Chordophones/Zithers/Dan%20Tranh/Normal/B2_ff_1.wav
dantranh	Chordophones/Zithers/Dan Tranh/Normal/B3_f_1.wav	https://raw.githubusercontent.com/sgossner/VCSL/master/Chordophones/Zithers/Dan%20Tranh/Normal/B3_f_1.wav
dantranh	Chordophones/Zithers/Dan Tranh/Normal/B3_ff_1.wav	https://raw.githubusercontent.com/sgossner/VCSL/master/Chordophones/Zithers/Dan%20Tranh/Normal/B3_ff_1.wav
dantranh	Chordophones/Zithers/Dan Tranh/Normal/B3_mf_1.wav	https://raw.githubusercontent.com/sgossner/VCSL/master/Chordophones/Zithers/Dan%20Tranh/Normal/B3_mf_1.wav
dantranh	Chordophones/Zithers/Dan Tranh/Normal/B4_f_1.wav	https://raw.githubusercontent.com/sgossner/VCSL/master/Chordophones/Zithers/Dan%20Tranh/Normal/B4_f_1.wav
dantranh	Chordophones/Zithers/Dan Tranh/Normal/B4_ff_1.wav	https://raw.githubusercontent.com/sgossner/VCSL/master/Chordophones/Zithers/Dan%20Tranh/Normal/B4_ff_1.wav
dantranh	Chordophones/Zithers/Dan Tranh/Normal/B4_mf_1.wav	https://raw.githubusercontent.com/sgossner/VCSL/master/Chordophones/Zithers/Dan%20Tranh/Normal/B4_mf_1.wav
dantranh	Chordophones/Zithers/Dan Tranh/Normal/C#2_f_1.wav	https://raw.githubusercontent.com/sgossner/VCSL/master/Chordophones/Zithers/Dan%20Tranh/Normal/C%232_f_1.wav
dantranh	Chordophones/Zithers/Dan Tranh/Normal/C#2_ff_1.wav	https://raw.githubusercontent.com/sgossner/VCSL/master/Chordophones/Zithers/Dan%20Tranh/Normal/C%232_ff_1.wav
dantranh	Chordophones/Zithers/Dan Tranh/Normal/C#2_mf_1.wav	https://raw.githubusercontent.com/sgossner/VCSL/master/Chordophones/Zithers/Dan%20Tranh/Normal/C%232_mf_1.wav
dantranh	Chordophones/Zithers/Dan Tranh/Normal/C#3_f_1.wav	https://raw.githubusercontent.com/sgossner/VCSL/master/Chordophones/Zithers/Dan%20Tranh/Normal/C%233_f_1.wav
dantranh	Chordophones/Zithers/Dan Tranh/Normal/C#3_ff_1.wav	https://raw.githubusercontent.com/sgossner/VCSL/master/Chordophones/Zithers/Dan%20Tranh/Normal/C%233_ff_1.wav
dantranh	Chordophones/Zithers/Dan Tranh/Normal/C#3_mf_1.wav	https://raw.githubusercontent.com/sgossner/VCSL/master/Chordophones/Zithers/Dan%20Tranh/Normal/C%233_mf_1.wav
dantranh	Chordophones/Zithers/Dan Tranh/Normal/C#4_f_1.wav	https://raw.githubusercontent.com/sgossner/VCSL/master/Chordophones/Zithers/Dan%20Tranh/Normal/C%234_f_1.wav
dantranh	Chordophones/Zithers/Dan Tranh/Normal/C#4_ff_1.wav	https://raw.githubusercontent.com/sgossner/VCSL/master/Chordophones/Zithers/Dan%20Tranh/Normal/C%234_ff_1.wav
dantranh	Chordophones/Zithers/Dan Tranh/Normal/C#4_mf_1.wav	https://raw.githubusercontent.com/sgossner/VCSL/master/Chordophones/Zithers/Dan%20Tranh/Normal/C%234_mf_1.wav
dantranh	Chordophones/Zithers/Dan Tranh/Normal/D#2_f_1.wav	https://raw.githubusercontent.com/sgossner/VCSL/master/Chordophones/Zithers/Dan%20Tranh/Normal/D%232_f_1.wav
dantranh	Chordophones/Zithers/Dan Tranh/Normal/D#2_ff_1.wav	https://raw.githubusercontent.com/sgossner/VCSL/master/Chordophones/Zithers/Dan%20Tranh/Normal/D%232_ff_1.wav
dantranh	Chordophones/Zithers/Dan Tranh/Normal/D#2_mf_1.wav	https://raw.githubusercontent.com/sgossner/VCSL/master/Chordophones/Zithers/Dan%20Tranh/Normal/D%232_mf_1.wav
dantranh	Chordophones/Zithers/Dan Tranh/Normal/D#3_f_1.wav	https://raw.githubusercontent.com/sgossner/VCSL/master/Chordophones/Zithers/Dan%20Tranh/Normal/D%233_f_1.wav
dantranh	Chordophones/Zithers/Dan Tranh/Normal/D#3_ff_1.wav	https://raw.githubusercontent.com/sgossner/VCSL/master/Chordophones/Zithers/Dan%20Tranh/Normal/D%233_ff_1.wav
dantranh	Chordophones/Zithers/Dan Tranh/Normal/D#3_mf_1.wav	https://raw.githubusercontent.com/sgossner/VCSL/master/Chordophones/Zithers/Dan%20Tranh/Normal/D%233_mf_1.wav
dantranh	Chordophones/Zithers/Dan Tranh/Normal/D#4_f_1.wav	https://raw.githubusercontent.com/sgossner/VCSL/master/Chordophones/Zithers/Dan%20Tranh/Normal/D%234_f_1.wav
dantranh	Chordophones/Zithers/Dan Tranh/Normal/D#4_ff_1.wav	https://raw.githubusercontent.com/sgossner/VCSL/master/Chordophones/Zithers/Dan%20Tranh/Normal/D%234_ff_1.wav
dantranh	Chordophones/Zithers/Dan Tranh/Normal/D#4_mf_1.wav	https://raw.githubusercontent.com/sgossner/VCSL/master/Chordophones/Zithers/Dan%20Tranh/Normal/D%234_mf_1.wav
dantranh	Chordophones/Zithers/Dan Tranh/Normal/F#2_f_1.wav	https://raw.githubusercontent.com/sgossner/VCSL/master/Chordophones/Zithers/Dan%20Tranh/Normal/F%232_f_1.wav
dantranh	Chordophones/Zithers/Dan Tranh/Normal/F#2_ff_1.wav	https://raw.githubusercontent.com/sgossner/VCSL/master/Chordophones/Zithers/Dan%20Tranh/Normal/F%232_ff_1.wav
dantranh	Chordophones/Zithers/Dan Tranh/Normal/F#2_mf_1.wav	https://raw.githubusercontent.com/sgossner/VCSL/master/Chordophones/Zithers/Dan%20Tranh/Normal/F%232_mf_1.wav
dantranh	Chordophones/Zithers/Dan Tranh/Normal/F#3_f_1.wav	https://raw.githubusercontent.com/sgossner/VCSL/master/Chordophones/Zithers/Dan%20Tranh/Normal/F%233_f_1.wav
dantranh	Chordophones/Zithers/Dan Tranh/Normal/F#3_ff_1.wav	https://raw.githubusercontent.com/sgossner/VCSL/master/Chordophones/Zithers/Dan%20Tranh/Normal/F%233_ff_1.wav
dantranh	Chordophones/Zithers/Dan Tranh/Normal/F#3_mf_1.wav	https://raw.githubusercontent.com/sgossner/VCSL/master/Chordophones/Zithers/Dan%20Tranh/Normal/F%233_mf_1.wav
dantranh	Chordophones/Zithers/Dan Tranh/Normal/F#4_f_1.wav	https://raw.githubusercontent.com/sgossner/VCSL/master/Chordophones/Zithers/Dan%20Tranh/Normal/F%234_f_1.wav
dantranh	Chordophones/Zithers/Dan Tranh/Normal/F#4_ff_1.wav	https://raw.githubusercontent.com/sgossner/VCSL/master/Chordophones/Zithers/Dan%20Tranh/Normal/F%234_ff_1.wav
dantranh	Chordophones/Zithers/Dan Tranh/Normal/F#4_mf_1.wav	https://raw.githubusercontent.com/sgossner/VCSL/master/Chordophones/Zithers/Dan%20Tranh/Normal/F%234_mf_1.wav
dantranh	Chordophones/Zithers/Dan Tranh/Normal/G#2_f_1.wav	https://raw.githubusercontent.com/sgossner/VCSL/master/Chordophones/Zithers/Dan%20Tranh/Normal/G%232_f_1.wav
dantranh	Chordophones/Zithers/Dan Tranh/Normal/G#2_ff_1.wav	https://raw.githubusercontent.com/sgossner/VCSL/master/Chordophones/Zithers/Dan%20Tranh/Normal/G%232_ff_1.wav
dantranh	Chordophones/Zithers/Dan Tranh/Normal/G#2_mf_1.wav	https://raw.githubusercontent.com/sgossner/VCSL/master/Chordophones/Zithers/Dan%20Tranh/Normal/G%232_mf_1.wav
dantranh	Chordophones/Zithers/Dan Tranh/Normal/G#3_f_1.wav	https://raw.githubusercontent.com/sgossner/VCSL/master/Chordophones/Zithers/Dan%20Tranh/Normal/G%233_f_1.wav
dantranh	Chordophones/Zithers/Dan Tranh/Normal/G#3_ff_1.wav	https://raw.githubusercontent.com/sgossner/VCSL/master/Chordophones/Zithers/Dan%20Tranh/Normal/G%233_ff_1.wav
dantranh	Chordophones/Zithers/Dan Tranh/Normal/G#3_mf_1.wav	https://raw.githubusercontent.com/sgossner/VCSL/master/Chordophones/Zithers/Dan%20Tranh/Normal/G%233_mf_1.wav
dantranh	Chordophones/Zithers/Dan Tranh/Normal/G#4_f_1.wav	https://raw.githubusercontent.com/sgossner/VCSL/master/Chordophones/Zithers/Dan%20Tranh/Normal/G%234_f_1.wav
dantranh	Chordophones/Zithers/Dan Tranh/Normal/G#4_ff_1.wav	https://raw.githubusercontent.com/sgossner/VCSL/master/Chordophones/Zithers/Dan%20Tranh/Normal/G%234_ff_1.wav
dantranh	Chordophones/Zithers/Dan Tranh/Normal/G#4_mf_1.wav	https://raw.githubusercontent.com/sgossner/VCSL/master/Chordophones/Zithers/Dan%20Tranh/Normal/G%234_mf_1.wav
dantranh	Chordophones/Zithers/Dan Tranh/Normal/b2_mf_1.wav	https://raw.githubusercontent.com/sgossner/VCSL/master/Chordophones/Zithers/Dan%20Tranh/Normal/b2_mf_1.wav
dantranh	Chordophones/Zithers/Dan Tranh/Tremolo/B1_Trem_1.wav	https://raw.githubusercontent.com/sgossner/VCSL/master/Chordophones/Zithers/Dan%20Tranh/Tremolo/B1_Trem_1.wav
dantranh	Chordophones/Zithers/Dan Tranh/Tremolo/B2_Trem_1.wav	https://raw.githubusercontent.com/sgossner/VCSL/master/Chordophones/Zithers/Dan%20Tranh/Tremolo/B2_Trem_1.wav
dantranh	Chordophones/Zithers/Dan Tranh/Tremolo/B3_Trem_1.wav	https://raw.githubusercontent.com/sgossner/VCSL/master/Chordophones/Zithers/Dan%20Tranh/Tremolo/B3_Trem_1.wav
dantranh	Chordophones/Zithers/Dan Tranh/Tremolo/B4_Trem_1.wav	https://raw.githubusercontent.com/sgossner/VCSL/master/Chordophones/Zithers/Dan%20Tranh/Tremolo/B4_Trem_1.wav
dantranh	Chordophones/Zithers/Dan Tranh/Tremolo/C#2_Trem_1.wav	https://raw.githubusercontent.com/sgossner/VCSL/master/Chordophones/Zithers/Dan%20Tranh/Tremolo/C%232_Trem_1.wav
dantranh	Chordophones/Zithers/Dan Tranh/Tremolo/C#3_Trem_1.wav	https://raw.githubusercontent.com/sgossner/VCSL/master/Chordophones/Zithers/Dan%20Tranh/Tremolo/C%233_Trem_1.wav
dantranh	Chordophones/Zithers/Dan Tranh/Tremolo/C#4_Trem_1.wav	https://raw.githubusercontent.com/sgossner/VCSL/master/Chordophones/Zithers/Dan%20Tranh/Tremolo/C%234_Trem_1.wav
dantranh	Chordophones/Zithers/Dan Tranh/Tremolo/D#2_Trem_1.wav	https://raw.githubusercontent.com/sgossner/VCSL/master/Chordophones/Zithers/Dan%20Tranh/Tremolo/D%232_Trem_1.wav
dantranh	Chordophones/Zithers/Dan Tranh/Tremolo/D#3_Trem_1.wav	https://raw.githubusercontent.com/sgossner/VCSL/master/Chordophones/Zithers/Dan%20Tranh/Tremolo/D%233_Trem_1.wav
dantranh	Chordophones/Zithers/Dan Tranh/Tremolo/D#4_Trem_1.wav	https://raw.githubusercontent.com/sgossner/VCSL/master/Chordophones/Zithers/Dan%20Tranh/Tremolo/D%234_Trem_1.wav
dantranh	Chordophones/Zithers/Dan Tranh/Tremolo/F#2_Trem_1.wav	https://raw.githubusercontent.com/sgossner/VCSL/master/Chordophones/Zithers/Dan%20Tranh/Tremolo/F%232_Trem_1.wav
dantranh	Chordophones/Zithers/Dan Tranh/Tremolo/F#3_Trem_1.wav	https://raw.githubusercontent.com/sgossner/VCSL/master/Chordophones/Zithers/Dan%20Tranh/Tremolo/F%233_Trem_1.wav
dantranh	Chordophones/Zithers/Dan Tranh/Tremolo/F#4_Trem_1.wav	https://raw.githubusercontent.com/sgossner/VCSL/master/Chordophones/Zithers/Dan%20Tranh/Tremolo/F%234_Trem_1.wav
dantranh	Chordophones/Zithers/Dan Tranh/Tremolo/G#2_Trem_1.wav	https://raw.githubusercontent.com/sgossner/VCSL/master/Chordophones/Zithers/Dan%20Tranh/Tremolo/G%232_Trem_1.wav
dantranh	Chordophones/Zithers/Dan Tranh/Tremolo/G#3_Trem_1.wav	https://raw.githubusercontent.com/sgossner/VCSL/master/Chordophones/Zithers/Dan%20Tranh/Tremolo/G%233_Trem_1.wav
dantranh	Chordophones/Zithers/Dan Tranh/Tremolo/G#4_Trem_1.wav	https://raw.githubusercontent.com/sgossner/VCSL/master/Chordophones/Zithers/Dan%20Tranh/Tremolo/G%234_Trem_1.wav
dantranh	Chordophones/Zithers/Dan Tranh/Vibrato/B1_vib_ff_1.wav	https://raw.githubusercontent.com/sgossner/VCSL/master/Chordophones/Zithers/Dan%20Tranh/Vibrato/B1_vib_ff_1.wav
dantranh	Chordophones/Zithers/Dan Tranh/Vibrato/B1_vib_mf_1.wav	https://raw.githubusercontent.com/sgossner/VCSL/master/Chordophones/Zithers/Dan%20Tranh/Vibrato/B1_vib_mf_1.wav
dantranh	Chordophones/Zithers/Dan Tranh/Vibrato/B2_vib_ff_1.wav	https://raw.githubusercontent.com/sgossner/VCSL/master/Chordophones/Zithers/Dan%20Tranh/Vibrato/B2_vib_ff_1.wav
dantranh	Chordophones/Zithers/Dan Tranh/Vibrato/B2_vib_mf_1.wav	https://raw.githubusercontent.com/sgossner/VCSL/master/Chordophones/Zithers/Dan%20Tranh/Vibrato/B2_vib_mf_1.wav
dantranh	Chordophones/Zithers/Dan Tranh/Vibrato/B3_vib_ff_1.wav	https://raw.githubusercontent.com/sgossner/VCSL/master/Chordophones/Zithers/Dan%20Tranh/Vibrato/B3_vib_ff_1.wav
dantranh	Chordophones/Zithers/Dan Tranh/Vibrato/B3_vib_mf_1.wav	https://raw.githubusercontent.com/sgossner/VCSL/master/Chordophones/Zithers/Dan%20Tranh/Vibrato/B3_vib_mf_1.wav
dantranh	Chordophones/Zithers/Dan Tranh/Vibrato/B4_vib_ff_1.wav	https://raw.githubusercontent.com/sgossner/VCSL/master/Chordophones/Zithers/Dan%20Tranh/Vibrato/B4_vib_ff_1.wav
dantranh	Chordophones/Zithers/Dan Tranh/Vibrato/B4_vib_mf_1.wav	https://raw.githubusercontent.com/sgossner/VCSL/master/Chordophones/Zithers/Dan%20Tranh/Vibrato/B4_vib_mf_1.wav
dantranh	Chordophones/Zithers/Dan Tranh/Vibrato/C#2_vib_ff_1.wav	https://raw.githubusercontent.com/sgossner/VCSL/master/Chordophones/Zithers/Dan%20Tranh/Vibrato/C%232_vib_ff_1.wav
dantranh	Chordophones/Zithers/Dan Tranh/Vibrato/C#2_vib_mf_1.wav	https://raw.githubusercontent.com/sgossner/VCSL/master/Chordophones/Zithers/Dan%20Tranh/Vibrato/C%232_vib_mf_1.wav
dantranh	Chordophones/Zithers/Dan Tranh/Vibrato/C#3_vib_ff_1.wav	https://raw.githubusercontent.com/sgossner/VCSL/master/Chordophones/Zithers/Dan%20Tranh/Vibrato/C%233_vib_ff_1.wav
dantranh	Chordophones/Zithers/Dan Tranh/Vibrato/C#3_vib_mf_1.wav	https://raw.githubusercontent.com/sgossner/VCSL/master/Chordophones/Zithers/Dan%20Tranh/Vibrato/C%233_vib_mf_1.wav
dantranh	Chordophones/Zithers/Dan Tranh/Vibrato/C#4_vib_ff_1.wav	https://raw.githubusercontent.com/sgossner/VCSL/master/Chordophones/Zithers/Dan%20Tranh/Vibrato/C%234_vib_ff_1.wav
dantranh	Chordophones/Zithers/Dan Tranh/Vibrato/C#4_vib_mf_1.wav	https://raw.githubusercontent.com/sgossner/VCSL/master/Chordophones/Zithers/Dan%20Tranh/Vibrato/C%234_vib_mf_1.wav
dantranh	Chordophones/Zithers/Dan Tranh/Vibrato/D#2_vib_ff_1.wav	https://raw.githubusercontent.com/sgossner/VCSL/master/Chordophones/Zithers/Dan%20Tranh/Vibrato/D%232_vib_ff_1.wav
dantranh	Chordophones/Zithers/Dan Tranh/Vibrato/D#2_vib_mf_1.wav	https://raw.githubusercontent.com/sgossner/VCSL/master/Chordophones/Zithers/Dan%20Tranh/Vibrato/D%232_vib_mf_1.wav
dantranh	Chordophones/Zithers/Dan Tranh/Vibrato/D#3_vib_ff_1.wav	https://raw.githubusercontent.com/sgossner/VCSL/master/Chordophones/Zithers/Dan%20Tranh/Vibrato/D%233_vib_ff_1.wav
dantranh	Chordophones/Zithers/Dan Tranh/Vibrato/D#3_vib_mf_1.wav	https://raw.githubusercontent.com/sgossner/VCSL/master/Chordophones/Zithers/Dan%20Tranh/Vibrato/D%233_vib_mf_1.wav
dantranh	Chordophones/Zithers/Dan Tranh/Vibrato/D#4_vib_ff_1.wav	https://raw.githubusercontent.com/sgossner/VCSL/master/Chordophones/Zithers/Dan%20Tranh/Vibrato/D%234_vib_ff_1.wav
dantranh	Chordophones/Zithers/Dan Tranh/Vibrato/D#4_vib_mf_1.wav	https://raw.githubusercontent.com/sgossner/VCSL/master/Chordophones/Zithers/Dan%20Tranh/Vibrato/D%234_vib_mf_1.wav
dantranh	Chordophones/Zithers/Dan Tranh/Vibrato/F#2_vib_ff_1.wav	https://raw.githubusercontent.com/sgossner/VCSL/master/Chordophones/Zithers/Dan%20Tranh/Vibrato/F%232_vib_ff_1.wav
dantranh	Chordophones/Zithers/Dan Tranh/Vibrato/F#2_vib_mf_1.wav	https://raw.githubusercontent.com/sgossner/VCSL/master/Chordophones/Zithers/Dan%20Tranh/Vibrato/F%232_vib_mf_1.wav
dantranh	Chordophones/Zithers/Dan Tranh/Vibrato/F#3_vib_ff_1.wav	https://raw.githubusercontent.com/sgossner/VCSL/master/Chordophones/Zithers/Dan%20Tranh/Vibrato/F%233_vib_ff_1.wav
dantranh	Chordophones/Zithers/Dan Tranh/Vibrato/F#3_vib_mf_1.wav	https://raw.githubusercontent.com/sgossner/VCSL/master/Chordophones/Zithers/Dan%20Tranh/Vibrato/F%233_vib_mf_1.wav
dantranh	Chordophones/Zithers/Dan Tranh/Vibrato/F#4_vib_ff_1.wav	https://raw.githubusercontent.com/sgossner/VCSL/master/Chordophones/Zithers/Dan%20Tranh/Vibrato/F%234_vib_ff_1.wav
dantranh	Chordophones/Zithers/Dan Tranh/Vibrato/F#4_vib_mf_1.wav	https://raw.githubusercontent.com/sgossner/VCSL/master/Chordophones/Zithers/Dan%20Tranh/Vibrato/F%234_vib_mf_1.wav
dantranh	Chordophones/Zithers/Dan Tranh/Vibrato/G#2_vib_ff_1.wav	https://raw.githubusercontent.com/sgossner/VCSL/master/Chordophones/Zithers/Dan%20Tranh/Vibrato/G%232_vib_ff_1.wav
dantranh	Chordophones/Zithers/Dan Tranh/Vibrato/G#2_vib_mf_1.wav	https://raw.githubusercontent.com/sgossner/VCSL/master/Chordophones/Zithers/Dan%20Tranh/Vibrato/G%232_vib_mf_1.wav
dantranh	Chordophones/Zithers/Dan Tranh/Vibrato/G#3_vib_ff_1.wav	https://raw.githubusercontent.com/sgossner/VCSL/master/Chordophones/Zithers/Dan%20Tranh/Vibrato/G%233_vib_ff_1.wav
dantranh	Chordophones/Zithers/Dan Tranh/Vibrato/G#3_vib_mf_1.wav	https://raw.githubusercontent.com/sgossner/VCSL/master/Chordophones/Zithers/Dan%20Tranh/Vibrato/G%233_vib_mf_1.wav
dantranh	Chordophones/Zithers/Dan Tranh/Vibrato/G#4_vib_ff_1.wav	https://raw.githubusercontent.com/sgossner/VCSL/master/Chordophones/Zithers/Dan%20Tranh/Vibrato/G%234_vib_ff_1.wav
dantranh	Chordophones/Zithers/Dan Tranh/Vibrato/G#4_vib_mf_1.wav	https://raw.githubusercontent.com/sgossner/VCSL/master/Chordophones/Zithers/Dan%20Tranh/Vibrato/G%234_vib_mf_1.wav
piano	Chordophones/Zithers/Grand Piano, Kawai/Sustains/GPiano_sus_A#-1_v2_rr1_Player.wav	https://raw.githubusercontent.com/sgossner/VCSL/master/Chordophones/Zithers/Grand%20Piano%2C%20Kawai/Sustains/GPiano_sus_A%23-1_v2_rr1_Player.wav
piano	Chordophones/Zithers/Grand Piano, Kawai/Sustains/GPiano_sus_A#-1_v3_rr1_Player.wav	https://raw.githubusercontent.com/sgossner/VCSL/master/Chordophones/Zithers/Grand%20Piano%2C%20Kawai/Sustains/GPiano_sus_A%23-1_v3_rr1_Player.wav
piano	Chordophones/Zithers/Grand Piano, Kawai/Sustains/GPiano_sus_A#2_v2_rr1_Player.wav	https://raw.githubusercontent.com/sgossner/VCSL/master/Chordophones/Zithers/Grand%20Piano%2C%20Kawai/Sustains/GPiano_sus_A%232_v2_rr1_Player.wav
piano	Chordophones/Zithers/Grand Piano, Kawai/Sustains/GPiano_sus_A#2_v3_rr1_Player.wav	https://raw.githubusercontent.com/sgossner/VCSL/master/Chordophones/Zithers/Grand%20Piano%2C%20Kawai/Sustains/GPiano_sus_A%232_v3_rr1_Player.wav
piano	Chordophones/Zithers/Grand Piano, Kawai/Sustains/GPiano_sus_A#3_v2_rr1_Player.wav	https://raw.githubusercontent.com/sgossner/VCSL/master/Chordophones/Zithers/Grand%20Piano%2C%20Kawai/Sustains/GPiano_sus_A%233_v2_rr1_Player.wav
piano	Chordophones/Zithers/Grand Piano, Kawai/Sustains/GPiano_sus_A#3_v3_rr1_Player.wav	https://raw.githubusercontent.com/sgossner/VCSL/master/Chordophones/Zithers/Grand%20Piano%2C%20Kawai/Sustains/GPiano_sus_A%233_v3_rr1_Player.wav
piano	Chordophones/Zithers/Grand Piano, Kawai/Sustains/GPiano_sus_A#4_v2_rr1_Player.wav	https://raw.githubusercontent.com/sgossner/VCSL/master/Chordophones/Zithers/Grand%20Piano%2C%20Kawai/Sustains/GPiano_sus_A%234_v2_rr1_Player.wav
piano	Chordophones/Zithers/Grand Piano, Kawai/Sustains/GPiano_sus_A#4_v3_rr1_Player.wav	https://raw.githubusercontent.com/sgossner/VCSL/master/Chordophones/Zithers/Grand%20Piano%2C%20Kawai/Sustains/GPiano_sus_A%234_v3_rr1_Player.wav
piano	Chordophones/Zithers/Grand Piano, Kawai/Sustains/GPiano_sus_A0_v2_rr1_Player.wav	https://raw.githubusercontent.com/sgossner/VCSL/master/Chordophones/Zithers/Grand%20Piano%2C%20Kawai/Sustains/GPiano_sus_A0_v2_rr1_Player.wav
piano	Chordophones/Zithers/Grand Piano, Kawai/Sustains/GPiano_sus_A0_v3_rr1_Player.wav	https://raw.githubusercontent.com/sgossner/VCSL/master/Chordophones/Zithers/Grand%20Piano%2C%20Kawai/Sustains/GPiano_sus_A0_v3_rr1_Player.wav
piano	Chordophones/Zithers/Grand Piano, Kawai/Sustains/GPiano_sus_A1_v2_rr1_Player.wav	https://raw.githubusercontent.com/sgossner/VCSL/master/Chordophones/Zithers/Grand%20Piano%2C%20Kawai/Sustains/GPiano_sus_A1_v2_rr1_Player.wav
piano	Chordophones/Zithers/Grand Piano, Kawai/Sustains/GPiano_sus_A1_v3_rr1_Player.wav	https://raw.githubusercontent.com/sgossner/VCSL/master/Chordophones/Zithers/Grand%20Piano%2C%20Kawai/Sustains/GPiano_sus_A1_v3_rr1_Player.wav
piano	Chordophones/Zithers/Grand Piano, Kawai/Sustains/GPiano_sus_A5_v2_rr1_Player.wav	https://raw.githubusercontent.com/sgossner/VCSL/master/Chordophones/Zithers/Grand%20Piano%2C%20Kawai/Sustains/GPiano_sus_A5_v2_rr1_Player.wav
piano	Chordophones/Zithers/Grand Piano, Kawai/Sustains/GPiano_sus_A5_v3_rr1_Player.wav	https://raw.githubusercontent.com/sgossner/VCSL/master/Chordophones/Zithers/Grand%20Piano%2C%20Kawai/Sustains/GPiano_sus_A5_v3_rr1_Player.wav
piano	Chordophones/Zithers/Grand Piano, Kawai/Sustains/GPiano_sus_A6_v2_rr1_Player.wav	https://raw.githubusercontent.com/sgossner/VCSL/master/Chordophones/Zithers/Grand%20Piano%2C%20Kawai/Sustains/GPiano_sus_A6_v2_rr1_Player.wav
piano	Chordophones/Zithers/Grand Piano, Kawai/Sustains/GPiano_sus_A6_v3_rr1_Player.wav	https://raw.githubusercontent.com/sgossner/VCSL/master/Chordophones/Zithers/Grand%20Piano%2C%20Kawai/Sustains/GPiano_sus_A6_v3_rr1_Player.wav
piano	Chordophones/Zithers/Grand Piano, Kawai/Sustains/GPiano_sus_B4_v3_rr1_Player.wav	https://raw.githubusercontent.com/sgossner/VCSL/master/Chordophones/Zithers/Grand%20Piano%2C%20Kawai/Sustains/GPiano_sus_B4_v3_rr1_Player.wav
piano	Chordophones/Zithers/Grand Piano, Kawai/Sustains/GPiano_sus_C0_v2_rr1_Player.wav	https://raw.githubusercontent.com/sgossner/VCSL/master/Chordophones/Zithers/Grand%20Piano%2C%20Kawai/Sustains/GPiano_sus_C0_v2_rr1_Player.wav
piano	Chordophones/Zithers/Grand Piano, Kawai/Sustains/GPiano_sus_C0_v3_rr1_Player.wav	https://raw.githubusercontent.com/sgossner/VCSL/master/Chordophones/Zithers/Grand%20Piano%2C%20Kawai/Sustains/GPiano_sus_C0_v3_rr1_Player.wav
piano	Chordophones/Zithers/Grand Piano, Kawai/Sustains/GPiano_sus_C1_v2_rr1_Player.wav	https://raw.githubusercontent.com/sgossner/VCSL/master/Chordophones/Zithers/Grand%20Piano%2C%20Kawai/Sustains/GPiano_sus_C1_v2_rr1_Player.wav
piano	Chordophones/Zithers/Grand Piano, Kawai/Sustains/GPiano_sus_C1_v3_rr1_Player.wav	https://raw.githubusercontent.com/sgossner/VCSL/master/Chordophones/Zithers/Grand%20Piano%2C%20Kawai/Sustains/GPiano_sus_C1_v3_rr1_Player.wav
piano	Chordophones/Zithers/Grand Piano, Kawai/Sustains/GPiano_sus_C2_v2_rr1_Player.wav	https://raw.githubusercontent.com/sgossner/VCSL/master/Chordophones/Zithers/Grand%20Piano%2C%20Kawai/Sustains/GPiano_sus_C2_v2_rr1_Player.wav
piano	Chordophones/Zithers/Grand Piano, Kawai/Sustains/GPiano_sus_C2_v3_rr1_Player.wav	https://raw.githubusercontent.com/sgossner/VCSL/master/Chordophones/Zithers/Grand%20Piano%2C%20Kawai/Sustains/GPiano_sus_C2_v3_rr1_Player.wav
piano	Chordophones/Zithers/Grand Piano, Kawai/Sustains/GPiano_sus_C3_v2_rr1_Player.wav	https://raw.githubusercontent.com/sgossner/VCSL/master/Chordophones/Zithers/Grand%20Piano%2C%20Kawai/Sustains/GPiano_sus_C3_v2_rr1_Player.wav
piano	Chordophones/Zithers/Grand Piano, Kawai/Sustains/GPiano_sus_C3_v3_rr1_Player.wav	https://raw.githubusercontent.com/sgossner/VCSL/master/Chordophones/Zithers/Grand%20Piano%2C%20Kawai/Sustains/GPiano_sus_C3_v3_rr1_Player.wav
piano	Chordophones/Zithers/Grand Piano, Kawai/Sustains/GPiano_sus_C4_v2_rr1_Player.wav	https://raw.githubusercontent.com/sgossner/VCSL/master/Chordophones/Zithers/Grand%20Piano%2C%20Kawai/Sustains/GPiano_sus_C4_v2_rr1_Player.wav
piano	Chordophones/Zithers/Grand Piano, Kawai/Sustains/GPiano_sus_C4_v3_rr1_Player.wav	https://raw.githubusercontent.com/sgossner/VCSL/master/Chordophones/Zithers/Grand%20Piano%2C%20Kawai/Sustains/GPiano_sus_C4_v3_rr1_Player.wav
piano	Chordophones/Zithers/Grand Piano, Kawai/Sustains/GPiano_sus_C5_v2_rr1_Player.wav	https://raw.githubusercontent.com/sgossner/VCSL/master/Chordophones/Zithers/Grand%20Piano%2C%20Kawai/Sustains/GPiano_sus_C5_v2_rr1_Player.wav
piano	Chordophones/Zithers/Grand Piano, Kawai/Sustains/GPiano_sus_C5_v3_rr1_Player.wav	https://raw.githubusercontent.com/sgossner/VCSL/master/Chordophones/Zithers/Grand%20Piano%2C%20Kawai/Sustains/GPiano_sus_C5_v3_rr1_Player.wav
piano	Chordophones/Zithers/Grand Piano, Kawai/Sustains/GPiano_sus_C6_v2_rr1_Player.wav	https://raw.githubusercontent.com/sgossner/VCSL/master/Chordophones/Zithers/Grand%20Piano%2C%20Kawai/Sustains/GPiano_sus_C6_v2_rr1_Player.wav
piano	Chordophones/Zithers/Grand Piano, Kawai/Sustains/GPiano_sus_C6_v3_rr1_Player.wav	https://raw.githubusercontent.com/sgossner/VCSL/master/Chordophones/Zithers/Grand%20Piano%2C%20Kawai/Sustains/GPiano_sus_C6_v3_rr1_Player.wav
piano	Chordophones/Zithers/Grand Piano, Kawai/Sustains/GPiano_sus_C7_v2_rr1_Player.wav	https://raw.githubusercontent.com/sgossner/VCSL/master/Chordophones/Zithers/Grand%20Piano%2C%20Kawai/Sustains/GPiano_sus_C7_v2_rr1_Player.wav
piano	Chordophones/Zithers/Grand Piano, Kawai/Sustains/GPiano_sus_C7_v3_rr1_Player.wav	https://raw.githubusercontent.com/sgossner/VCSL/master/Chordophones/Zithers/Grand%20Piano%2C%20Kawai/Sustains/GPiano_sus_C7_v3_rr1_Player.wav
piano	Chordophones/Zithers/Grand Piano, Kawai/Sustains/GPiano_sus_D#0_v2_rr1_Player.wav	https://raw.githubusercontent.com/sgossner/VCSL/master/Chordophones/Zithers/Grand%20Piano%2C%20Kawai/Sustains/GPiano_sus_D%230_v2_rr1_Player.wav
piano	Chordophones/Zithers/Grand Piano, Kawai/Sustains/GPiano_sus_D#0_v3_rr1_Player.wav	https://raw.githubusercontent.com/sgossner/VCSL/master/Chordophones/Zithers/Grand%20Piano%2C%20Kawai/Sustains/GPiano_sus_D%230_v3_rr1_Player.wav
piano	Chordophones/Zithers/Grand Piano, Kawai/Sustains/GPiano_sus_D#1_v2_rr1_Player.wav	https://raw.githubusercontent.com/sgossner/VCSL/master/Chordophones/Zithers/Grand%20Piano%2C%20Kawai/Sustains/GPiano_sus_D%231_v2_rr1_Player.wav
piano	Chordophones/Zithers/Grand Piano, Kawai/Sustains/GPiano_sus_D#1_v3_rr1_Player.wav	https://raw.githubusercontent.com/sgossner/VCSL/master/Chordophones/Zithers/Grand%20Piano%2C%20Kawai/Sustains/GPiano_sus_D%231_v3_rr1_Player.wav
piano	Chordophones/Zithers/Grand Piano, Kawai/Sustains/GPiano_sus_D#5_v2_rr1_Player.wav	https://raw.githubusercontent.com/sgossner/VCSL/master/Chordophones/Zithers/Grand%20Piano%2C%20Kawai/Sustains/GPiano_sus_D%235_v2_rr1_Player.wav
piano	Chordophones/Zithers/Grand Piano, Kawai/Sustains/GPiano_sus_D#5_v3_rr1_Player.wav	https://raw.githubusercontent.com/sgossner/VCSL/master/Chordophones/Zithers/Grand%20Piano%2C%20Kawai/Sustains/GPiano_sus_D%235_v3_rr1_Player.wav
piano	Chordophones/Zithers/Grand Piano, Kawai/Sustains/GPiano_sus_D#6_v2_rr1_Player.wav	https://raw.githubusercontent.com/sgossner/VCSL/master/Chordophones/Zithers/Grand%20Piano%2C%20Kawai/Sustains/GPiano_sus_D%236_v2_rr1_Player.wav
piano	Chordophones/Zithers/Grand Piano, Kawai/Sustains/GPiano_sus_D#6_v3_rr1_Player.wav	https://raw.githubusercontent.com/sgossner/VCSL/master/Chordophones/Zithers/Grand%20Piano%2C%20Kawai/Sustains/GPiano_sus_D%236_v3_rr1_Player.wav
piano	Chordophones/Zithers/Grand Piano, Kawai/Sustains/GPiano_sus_D2_v2_rr1_Player.wav	https://raw.githubusercontent.com/sgossner/VCSL/master/Chordophones/Zithers/Grand%20Piano%2C%20Kawai/Sustains/GPiano_sus_D2_v2_rr1_Player.wav
piano	Chordophones/Zithers/Grand Piano, Kawai/Sustains/GPiano_sus_D2_v3_rr1_Player.wav	https://raw.githubusercontent.com/sgossner/VCSL/master/Chordophones/Zithers/Grand%20Piano%2C%20Kawai/Sustains/GPiano_sus_D2_v3_rr1_Player.wav
piano	Chordophones/Zithers/Grand Piano, Kawai/Sustains/GPiano_sus_D3_v2_rr1_Player.wav	https://raw.githubusercontent.com/sgossner/VCSL/master/Chordophones/Zithers/Grand%20Piano%2C%20Kawai/Sustains/GPiano_sus_D3_v2_rr1_Player.wav
piano	Chordophones/Zithers/Grand Piano, Kawai/Sustains/GPiano_sus_D3_v3_rr1_Player.wav	https://raw.githubusercontent.com/sgossner/VCSL/master/Chordophones/Zithers/Grand%20Piano%2C%20Kawai/Sustains/GPiano_sus_D3_v3_rr1_Player.wav
piano	Chordophones/Zithers/Grand Piano, Kawai/Sustains/GPiano_sus_D4_v2_rr1_Player.wav	https://raw.githubusercontent.com/sgossner/VCSL/master/Chordophones/Zithers/Grand%20Piano%2C%20Kawai/Sustains/GPiano_sus_D4_v2_rr1_Player.wav
piano	Chordophones/Zithers/Grand Piano, Kawai/Sustains/GPiano_sus_D4_v3_rr1_Player.wav	https://raw.githubusercontent.com/sgossner/VCSL/master/Chordophones/Zithers/Grand%20Piano%2C%20Kawai/Sustains/GPiano_sus_D4_v3_rr1_Player.wav
piano	Chordophones/Zithers/Grand Piano, Kawai/Sustains/GPiano_sus_E2_v2_rr1_Player.wav	https://raw.githubusercontent.com/sgossner/VCSL/master/Chordophones/Zithers/Grand%20Piano%2C%20Kawai/Sustains/GPiano_sus_E2_v2_rr1_Player.wav
piano	Chordophones/Zithers/Grand Piano, Kawai/Sustains/GPiano_sus_E2_v3_rr1_Player.wav	https://raw.githubusercontent.com/sgossner/VCSL/master/Chordophones/Zithers/Grand%20Piano%2C%20Kawai/Sustains/GPiano_sus_E2_v3_rr1_Player.wav
piano	Chordophones/Zithers/Grand Piano, Kawai/Sustains/GPiano_sus_E3_v2_rr1_Player.wav	https://raw.githubusercontent.com/sgossner/VCSL/master/Chordophones/Zithers/Grand%20Piano%2C%20Kawai/Sustains/GPiano_sus_E3_v2_rr1_Player.wav
piano	Chordophones/Zithers/Grand Piano, Kawai/Sustains/GPiano_sus_E3_v3_rr1_Player.wav	https://raw.githubusercontent.com/sgossner/VCSL/master/Chordophones/Zithers/Grand%20Piano%2C%20Kawai/Sustains/GPiano_sus_E3_v3_rr1_Player.wav
piano	Chordophones/Zithers/Grand Piano, Kawai/Sustains/GPiano_sus_E4_v2_rr1_Player.wav	https://raw.githubusercontent.com/sgossner/VCSL/master/Chordophones/Zithers/Grand%20Piano%2C%20Kawai/Sustains/GPiano_sus_E4_v2_rr1_Player.wav
piano	Chordophones/Zithers/Grand Piano, Kawai/Sustains/GPiano_sus_E4_v3_rr1_Player.wav	https://raw.githubusercontent.com/sgossner/VCSL/master/Chordophones/Zithers/Grand%20Piano%2C%20Kawai/Sustains/GPiano_sus_E4_v3_rr1_Player.wav
piano	Chordophones/Zithers/Grand Piano, Kawai/Sustains/GPiano_sus_F#0_v2_rr1_Player.wav	https://raw.githubusercontent.com/sgossner/VCSL/master/Chordophones/Zithers/Grand%20Piano%2C%20Kawai/Sustains/GPiano_sus_F%230_v2_rr1_Player.wav
piano	Chordophones/Zithers/Grand Piano, Kawai/Sustains/GPiano_sus_F#0_v3_rr1_Player.wav	https://raw.githubusercontent.com/sgossner/VCSL/master/Chordophones/Zithers/Grand%20Piano%2C%20Kawai/Sustains/GPiano_sus_F%230_v3_rr1_Player.wav
piano	Chordophones/Zithers/Grand Piano, Kawai/Sustains/GPiano_sus_F#1_v2_rr1_Player.wav	https://raw.githubusercontent.com/sgossner/VCSL/master/Chordophones/Zithers/Grand%20Piano%2C%20Kawai/Sustains/GPiano_sus_F%231_v2_rr1_Player.wav
piano	Chordophones/Zithers/Grand Piano, Kawai/Sustains/GPiano_sus_F#1_v3_rr1_Player.wav	https://raw.githubusercontent.com/sgossner/VCSL/master/Chordophones/Zithers/Grand%20Piano%2C%20Kawai/Sustains/GPiano_sus_F%231_v3_rr1_Player.wav
piano	Chordophones/Zithers/Grand Piano, Kawai/Sustains/GPiano_sus_F#2_v2_rr1_Player.wav	https://raw.githubusercontent.com/sgossner/VCSL/master/Chordophones/Zithers/Grand%20Piano%2C%20Kawai/Sustains/GPiano_sus_F%232_v2_rr1_Player.wav
piano	Chordophones/Zithers/Grand Piano, Kawai/Sustains/GPiano_sus_F#2_v3_rr1_Player.wav	https://raw.githubusercontent.com/sgossner/VCSL/master/Chordophones/Zithers/Grand%20Piano%2C%20Kawai/Sustains/GPiano_sus_F%232_v3_rr1_Player.wav
piano	Chordophones/Zithers/Grand Piano, Kawai/Sustains/GPiano_sus_F#3_v2_rr1_Player.wav	https://raw.githubusercontent.com/sgossner/VCSL/master/Chordophones/Zithers/Grand%20Piano%2C%20Kawai/Sustains/GPiano_sus_F%233_v2_rr1_Player.wav
piano	Chordophones/Zithers/Grand Piano, Kawai/Sustains/GPiano_sus_F#3_v3_rr1_Player.wav	https://raw.githubusercontent.com/sgossner/VCSL/master/Chordophones/Zithers/Grand%20Piano%2C%20Kawai/Sustains/GPiano_sus_F%233_v3_rr1_Player.wav
piano	Chordophones/Zithers/Grand Piano, Kawai/Sustains/GPiano_sus_F#4_v2_rr1_Player.wav	https://raw.githubusercontent.com/sgossner/VCSL/master/Chordophones/Zithers/Grand%20Piano%2C%20Kawai/Sustains/GPiano_sus_F%234_v2_rr1_Player.wav
piano	Chordophones/Zithers/Grand Piano, Kawai/Sustains/GPiano_sus_F#4_v3_rr1_Player.wav	https://raw.githubusercontent.com/sgossner/VCSL/master/Chordophones/Zithers/Grand%20Piano%2C%20Kawai/Sustains/GPiano_sus_F%234_v3_rr1_Player.wav
piano	Chordophones/Zithers/Grand Piano, Kawai/Sustains/GPiano_sus_F#5_v2_rr1_Player.wav	https://raw.githubusercontent.com/sgossner/VCSL/master/Chordophones/Zithers/Grand%20Piano%2C%20Kawai/Sustains/GPiano_sus_F%235_v2_rr1_Player.wav
piano	Chordophones/Zithers/Grand Piano, Kawai/Sustains/GPiano_sus_F#5_v3_rr1_Player.wav	https://raw.githubusercontent.com/sgossner/VCSL/master/Chordophones/Zithers/Grand%20Piano%2C%20Kawai/Sustains/GPiano_sus_F%235_v3_rr1_Player.wav
piano	Chordophones/Zithers/Grand Piano, Kawai/Sustains/GPiano_sus_F#6_v3_rr1_Player.wav	https://raw.githubusercontent.com/sgossner/VCSL/master/Chordophones/Zithers/Grand%20Piano%2C%20Kawai/Sustains/GPiano_sus_F%236_v3_rr1_Player.wav
piano	Chordophones/Zithers/Grand Piano, Kawai/Sustains/GPiano_sus_G#2_v2_rr1_Player.wav	https://raw.githubusercontent.com/sgossner/VCSL/master/Chordophones/Zithers/Grand%20Piano%2C%20Kawai/Sustains/GPiano_sus_G%232_v2_rr1_Player.wav
piano	Chordophones/Zithers/Grand Piano, Kawai/Sustains/GPiano_sus_G#2_v3_rr1_Player.wav	https://raw.githubusercontent.com/sgossner/VCSL/master/Chordophones/Zithers/Grand%20Piano%2C%20Kawai/Sustains/GPiano_sus_G%232_v3_rr1_Player.wav
piano	Chordophones/Zithers/Grand Piano, Kawai/Sustains/GPiano_sus_G#3_v2_rr1_Player.wav	https://raw.githubusercontent.com/sgossner/VCSL/master/Chordophones/Zithers/Grand%20Piano%2C%20Kawai/Sustains/GPiano_sus_G%233_v2_rr1_Player.wav
piano	Chordophones/Zithers/Grand Piano, Kawai/Sustains/GPiano_sus_G#3_v3_rr1_Player.wav	https://raw.githubusercontent.com/sgossner/VCSL/master/Chordophones/Zithers/Grand%20Piano%2C%20Kawai/Sustains/GPiano_sus_G%233_v3_rr1_Player.wav
piano	Chordophones/Zithers/Grand Piano, Kawai/Sustains/GPiano_sus_G#4_v2_rr1_Player.wav	https://raw.githubusercontent.com/sgossner/VCSL/master/Chordophones/Zithers/Grand%20Piano%2C%20Kawai/Sustains/GPiano_sus_G%234_v2_rr1_Player.wav
piano	Chordophones/Zithers/Grand Piano, Kawai/Sustains/GPiano_sus_G#4_v3_rr1_Player.wav	https://raw.githubusercontent.com/sgossner/VCSL/master/Chordophones/Zithers/Grand%20Piano%2C%20Kawai/Sustains/GPiano_sus_G%234_v3_rr1_Player.wav
piano	Chordophones/Zithers/Grand Piano, Kawai/Sustains/GPiano_sus_G6_v2_rr1_Player.wav	https://raw.githubusercontent.com/sgossner/VCSL/master/Chordophones/Zithers/Grand%20Piano%2C%20Kawai/Sustains/GPiano_sus_G6_v2_rr1_Player.wav
harp	Chordophones/Composite Chordophones/Concert Harp/KSHarp_A2_mf1.wav	https://raw.githubusercontent.com/sgossner/VCSL/master/Chordophones/Composite%20Chordophones/Concert%20Harp/KSHarp_A2_mf1.wav
harp	Chordophones/Composite Chordophones/Concert Harp/KSHarp_A4_mf1.wav	https://raw.githubusercontent.com/sgossner/VCSL/master/Chordophones/Composite%20Chordophones/Concert%20Harp/KSHarp_A4_mf1.wav
harp	Chordophones/Composite Chordophones/Concert Harp/KSHarp_A6_mf1.wav	https://raw.githubusercontent.com/sgossner/VCSL/master/Chordophones/Composite%20Chordophones/Concert%20Harp/KSHarp_A6_mf1.wav
harp	Chordophones/Composite Chordophones/Concert Harp/KSHarp_B1_mf1.wav	https://raw.githubusercontent.com/sgossner/VCSL/master/Chordophones/Composite%20Chordophones/Concert%20Harp/KSHarp_B1_mf1.wav
harp	Chordophones/Composite Chordophones/Concert Harp/KSHarp_B3_mf1.wav	https://raw.githubusercontent.com/sgossner/VCSL/master/Chordophones/Composite%20Chordophones/Concert%20Harp/KSHarp_B3_mf1.wav
harp	Chordophones/Composite Chordophones/Concert Harp/KSHarp_B5_mf1.wav	https://raw.githubusercontent.com/sgossner/VCSL/master/Chordophones/Composite%20Chordophones/Concert%20Harp/KSHarp_B5_mf1.wav
harp	Chordophones/Composite Chordophones/Concert Harp/KSHarp_B6_mf1.wav	https://raw.githubusercontent.com/sgossner/VCSL/master/Chordophones/Composite%20Chordophones/Concert%20Harp/KSHarp_B6_mf1.wav
harp	Chordophones/Composite Chordophones/Concert Harp/KSHarp_C5_mf1.wav	https://raw.githubusercontent.com/sgossner/VCSL/master/Chordophones/Composite%20Chordophones/Concert%20Harp/KSHarp_C5_mf1.wav
harp	Chordophones/Composite Chordophones/Concert Harp/KSHarp_D2_mf1.wav	https://raw.githubusercontent.com/sgossner/VCSL/master/Chordophones/Composite%20Chordophones/Concert%20Harp/KSHarp_D2_mf1.wav
harp	Chordophones/Composite Chordophones/Concert Harp/KSHarp_D4_mf1.wav	https://raw.githubusercontent.com/sgossner/VCSL/master/Chordophones/Composite%20Chordophones/Concert%20Harp/KSHarp_D4_mf1.wav
harp	Chordophones/Composite Chordophones/Concert Harp/KSHarp_D6_mf1.wav	https://raw.githubusercontent.com/sgossner/VCSL/master/Chordophones/Composite%20Chordophones/Concert%20Harp/KSHarp_D6_mf1.wav
harp	Chordophones/Composite Chordophones/Concert Harp/KSHarp_E3_mf1.wav	https://raw.githubusercontent.com/sgossner/VCSL/master/Chordophones/Composite%20Chordophones/Concert%20Harp/KSHarp_E3_mf1.wav
harp	Chordophones/Composite Chordophones/Concert Harp/KSHarp_E5_mf1.wav	https://raw.githubusercontent.com/sgossner/VCSL/master/Chordophones/Composite%20Chordophones/Concert%20Harp/KSHarp_E5_mf1.wav
harp	Chordophones/Composite Chordophones/Concert Harp/KSHarp_F2_mf1.wav	https://raw.githubusercontent.com/sgossner/VCSL/master/Chordophones/Composite%20Chordophones/Concert%20Harp/KSHarp_F2_mf1.wav
harp	Chordophones/Composite Chordophones/Concert Harp/KSHarp_F4_mf1.wav	https://raw.githubusercontent.com/sgossner/VCSL/master/Chordophones/Composite%20Chordophones/Concert%20Harp/KSHarp_F4_mf1.wav
harp	Chordophones/Composite Chordophones/Concert Harp/KSHarp_F6_mf1.wav	https://raw.githubusercontent.com/sgossner/VCSL/master/Chordophones/Composite%20Chordophones/Concert%20Harp/KSHarp_F6_mf1.wav
harp	Chordophones/Composite Chordophones/Concert Harp/KSHarp_G3_mf1.wav	https://raw.githubusercontent.com/sgossner/VCSL/master/Chordophones/Composite%20Chordophones/Concert%20Harp/KSHarp_G3_mf1.wav
harp	Chordophones/Composite Chordophones/Concert Harp/KSHarp_G5_mf1.wav	https://raw.githubusercontent.com/sgossner/VCSL/master/Chordophones/Composite%20Chordophones/Concert%20Harp/KSHarp_G5_mf1.wav
glock	Idiophones/Struck Idiophones/Glockenspiel/glock_loud_C5_01.wav	https://raw.githubusercontent.com/sgossner/VCSL/master/Idiophones/Struck%20Idiophones/Glockenspiel/glock_loud_C5_01.wav
glock	Idiophones/Struck Idiophones/Glockenspiel/glock_loud_C6_01.wav	https://raw.githubusercontent.com/sgossner/VCSL/master/Idiophones/Struck%20Idiophones/Glockenspiel/glock_loud_C6_01.wav
glock	Idiophones/Struck Idiophones/Glockenspiel/glock_loud_C7_01.wav	https://raw.githubusercontent.com/sgossner/VCSL/master/Idiophones/Struck%20Idiophones/Glockenspiel/glock_loud_C7_01.wav
glock	Idiophones/Struck Idiophones/Glockenspiel/glock_loud_G#6_01.wav	https://raw.githubusercontent.com/sgossner/VCSL/master/Idiophones/Struck%20Idiophones/Glockenspiel/glock_loud_G%236_01.wav
glock	Idiophones/Struck Idiophones/Glockenspiel/glock_loud_G4_01.wav	https://raw.githubusercontent.com/sgossner/VCSL/master/Idiophones/Struck%20Idiophones/Glockenspiel/glock_loud_G4_01.wav
glock	Idiophones/Struck Idiophones/Glockenspiel/glock_loud_G5_01.wav	https://raw.githubusercontent.com/sgossner/VCSL/master/Idiophones/Struck%20Idiophones/Glockenspiel/glock_loud_G5_01.wav
glock	Idiophones/Struck Idiophones/Glockenspiel/glock_medium_C5_01.wav	https://raw.githubusercontent.com/sgossner/VCSL/master/Idiophones/Struck%20Idiophones/Glockenspiel/glock_medium_C5_01.wav
glock	Idiophones/Struck Idiophones/Glockenspiel/glock_medium_C6_01.wav	https://raw.githubusercontent.com/sgossner/VCSL/master/Idiophones/Struck%20Idiophones/Glockenspiel/glock_medium_C6_01.wav
glock	Idiophones/Struck Idiophones/Glockenspiel/glock_medium_C7_01.wav	https://raw.githubusercontent.com/sgossner/VCSL/master/Idiophones/Struck%20Idiophones/Glockenspiel/glock_medium_C7_01.wav
glock	Idiophones/Struck Idiophones/Glockenspiel/glock_medium_G4_01.wav	https://raw.githubusercontent.com/sgossner/VCSL/master/Idiophones/Struck%20Idiophones/Glockenspiel/glock_medium_G4_01.wav
glock	Idiophones/Struck Idiophones/Glockenspiel/glock_medium_G5_01.wav	https://raw.githubusercontent.com/sgossner/VCSL/master/Idiophones/Struck%20Idiophones/Glockenspiel/glock_medium_G5_01.wav
glock	Idiophones/Struck Idiophones/Glockenspiel/glock_medium_G6_01.wav	https://raw.githubusercontent.com/sgossner/VCSL/master/Idiophones/Struck%20Idiophones/Glockenspiel/glock_medium_G6_01.wav
marimba	Idiophones/Struck Idiophones/Marimba/Marimba_hit_Outrigger_B2_med_01.wav	https://raw.githubusercontent.com/sgossner/VCSL/master/Idiophones/Struck%20Idiophones/Marimba/Marimba_hit_Outrigger_B2_med_01.wav
marimba	Idiophones/Struck Idiophones/Marimba/Marimba_hit_Outrigger_B4_med_01.wav	https://raw.githubusercontent.com/sgossner/VCSL/master/Idiophones/Struck%20Idiophones/Marimba/Marimba_hit_Outrigger_B4_med_01.wav
marimba	Idiophones/Struck Idiophones/Marimba/Marimba_hit_Outrigger_C2_med_01.wav	https://raw.githubusercontent.com/sgossner/VCSL/master/Idiophones/Struck%20Idiophones/Marimba/Marimba_hit_Outrigger_C2_med_01.wav
marimba	Idiophones/Struck Idiophones/Marimba/Marimba_hit_Outrigger_C4_med_01.wav	https://raw.githubusercontent.com/sgossner/VCSL/master/Idiophones/Struck%20Idiophones/Marimba/Marimba_hit_Outrigger_C4_med_01.wav
marimba	Idiophones/Struck Idiophones/Marimba/Marimba_hit_Outrigger_C6_med_01.wav	https://raw.githubusercontent.com/sgossner/VCSL/master/Idiophones/Struck%20Idiophones/Marimba/Marimba_hit_Outrigger_C6_med_01.wav
marimba	Idiophones/Struck Idiophones/Marimba/Marimba_hit_Outrigger_F1_med_01.wav	https://raw.githubusercontent.com/sgossner/VCSL/master/Idiophones/Struck%20Idiophones/Marimba/Marimba_hit_Outrigger_F1_med_01.wav
marimba	Idiophones/Struck Idiophones/Marimba/Marimba_hit_Outrigger_F3_med_01.wav	https://raw.githubusercontent.com/sgossner/VCSL/master/Idiophones/Struck%20Idiophones/Marimba/Marimba_hit_Outrigger_F3_med_01.wav
marimba	Idiophones/Struck Idiophones/Marimba/Marimba_hit_Outrigger_F5_med_01.wav	https://raw.githubusercontent.com/sgossner/VCSL/master/Idiophones/Struck%20Idiophones/Marimba/Marimba_hit_Outrigger_F5_med_01.wav
marimba	Idiophones/Struck Idiophones/Marimba/Marimba_hit_Outrigger_G2_med_01.wav	https://raw.githubusercontent.com/sgossner/VCSL/master/Idiophones/Struck%20Idiophones/Marimba/Marimba_hit_Outrigger_G2_med_01.wav
marimba	Idiophones/Struck Idiophones/Marimba/Marimba_hit_Outrigger_G4_med_01.wav	https://raw.githubusercontent.com/sgossner/VCSL/master/Idiophones/Struck%20Idiophones/Marimba/Marimba_hit_Outrigger_G4_med_01.wav
kalimba	Idiophones/Plucked Idiophones/Kalimba, Tanzania/MBira3_pluck_Main_A#2_k8_50_100_rr2.wav	https://raw.githubusercontent.com/sgossner/VCSL/master/Idiophones/Plucked%20Idiophones/Kalimba%2C%20Tanzania/MBira3_pluck_Main_A%232_k8_50_100_rr2.wav
kalimba	Idiophones/Plucked Idiophones/Kalimba, Tanzania/MBira3_pluck_Main_A#3_k18_50_100_rr2.wav	https://raw.githubusercontent.com/sgossner/VCSL/master/Idiophones/Plucked%20Idiophones/Kalimba%2C%20Tanzania/MBira3_pluck_Main_A%233_k18_50_100_rr2.wav
kalimba	Idiophones/Plucked Idiophones/Kalimba, Tanzania/MBira3_pluck_Main_A#4_k2_50_100_rr2.wav	https://raw.githubusercontent.com/sgossner/VCSL/master/Idiophones/Plucked%20Idiophones/Kalimba%2C%20Tanzania/MBira3_pluck_Main_A%234_k2_50_100_rr2.wav
kalimba	Idiophones/Plucked Idiophones/Kalimba, Tanzania/MBira3_pluck_Main_B1_k13_50_100_rr2.wav	https://raw.githubusercontent.com/sgossner/VCSL/master/Idiophones/Plucked%20Idiophones/Kalimba%2C%20Tanzania/MBira3_pluck_Main_B1_k13_50_100_rr2.wav
kalimba	Idiophones/Plucked Idiophones/Kalimba, Tanzania/MBira3_pluck_Main_B4_k23_50_100_rr2.wav	https://raw.githubusercontent.com/sgossner/VCSL/master/Idiophones/Plucked%20Idiophones/Kalimba%2C%20Tanzania/MBira3_pluck_Main_B4_k23_50_100_rr2.wav
kalimba	Idiophones/Plucked Idiophones/Kalimba, Tanzania/MBira3_pluck_Main_C#2_k10_50_100_rr2.wav	https://raw.githubusercontent.com/sgossner/VCSL/master/Idiophones/Plucked%20Idiophones/Kalimba%2C%20Tanzania/MBira3_pluck_Main_C%232_k10_50_100_rr2.wav
kalimba	Idiophones/Plucked Idiophones/Kalimba, Tanzania/MBira3_pluck_Main_C#3_k16_50_100_rr2.wav	https://raw.githubusercontent.com/sgossner/VCSL/master/Idiophones/Plucked%20Idiophones/Kalimba%2C%20Tanzania/MBira3_pluck_Main_C%233_k16_50_100_rr2.wav
kalimba	Idiophones/Plucked Idiophones/Kalimba, Tanzania/MBira3_pluck_Main_C#4_k5_50_100_rr2.wav	https://raw.githubusercontent.com/sgossner/VCSL/master/Idiophones/Plucked%20Idiophones/Kalimba%2C%20Tanzania/MBira3_pluck_Main_C%234_k5_50_100_rr2.wav
kalimba	Idiophones/Plucked Idiophones/Kalimba, Tanzania/MBira3_pluck_Main_C#5_k24_50_100_rr2.wav	https://raw.githubusercontent.com/sgossner/VCSL/master/Idiophones/Plucked%20Idiophones/Kalimba%2C%20Tanzania/MBira3_pluck_Main_C%235_k24_50_100_rr2.wav
kalimba	Idiophones/Plucked Idiophones/Kalimba, Tanzania/MBira3_pluck_Main_C#6_k27_50_100_rr2.wav	https://raw.githubusercontent.com/sgossner/VCSL/master/Idiophones/Plucked%20Idiophones/Kalimba%2C%20Tanzania/MBira3_pluck_Main_C%236_k27_50_100_rr2.wav
kalimba	Idiophones/Plucked Idiophones/Kalimba, Tanzania/MBira3_pluck_Main_D#2_k14_50_100_rr2.wav	https://raw.githubusercontent.com/sgossner/VCSL/master/Idiophones/Plucked%20Idiophones/Kalimba%2C%20Tanzania/MBira3_pluck_Main_D%232_k14_50_100_rr2.wav
kalimba	Idiophones/Plucked Idiophones/Kalimba, Tanzania/MBira3_pluck_Main_D#3_k7_50_100_rr2.wav	https://raw.githubusercontent.com/sgossner/VCSL/master/Idiophones/Plucked%20Idiophones/Kalimba%2C%20Tanzania/MBira3_pluck_Main_D%233_k7_50_100_rr2.wav
kalimba	Idiophones/Plucked Idiophones/Kalimba, Tanzania/MBira3_pluck_Main_D#4_k20_50_100_rr2.wav	https://raw.githubusercontent.com/sgossner/VCSL/master/Idiophones/Plucked%20Idiophones/Kalimba%2C%20Tanzania/MBira3_pluck_Main_D%234_k20_50_100_rr2.wav
kalimba	Idiophones/Plucked Idiophones/Kalimba, Tanzania/MBira3_pluck_Main_D#4_k4_50_100_rr2.wav	https://raw.githubusercontent.com/sgossner/VCSL/master/Idiophones/Plucked%20Idiophones/Kalimba%2C%20Tanzania/MBira3_pluck_Main_D%234_k4_50_100_rr2.wav
kalimba	Idiophones/Plucked Idiophones/Kalimba, Tanzania/MBira3_pluck_Main_D4_k19_50_100_rr2.wav	https://raw.githubusercontent.com/sgossner/VCSL/master/Idiophones/Plucked%20Idiophones/Kalimba%2C%20Tanzania/MBira3_pluck_Main_D4_k19_50_100_rr2.wav
kalimba	Idiophones/Plucked Idiophones/Kalimba, Tanzania/MBira3_pluck_Main_E5_k25_50_100_rr2.wav	https://raw.githubusercontent.com/sgossner/VCSL/master/Idiophones/Plucked%20Idiophones/Kalimba%2C%20Tanzania/MBira3_pluck_Main_E5_k25_50_100_rr2.wav
kalimba	Idiophones/Plucked Idiophones/Kalimba, Tanzania/MBira3_pluck_Main_F#5_k1_50_100_rr2.wav	https://raw.githubusercontent.com/sgossner/VCSL/master/Idiophones/Plucked%20Idiophones/Kalimba%2C%20Tanzania/MBira3_pluck_Main_F%235_k1_50_100_rr2.wav
kalimba	Idiophones/Plucked Idiophones/Kalimba, Tanzania/MBira3_pluck_Main_F2_k9alt_50_100_rr2.wav	https://raw.githubusercontent.com/sgossner/VCSL/master/Idiophones/Plucked%20Idiophones/Kalimba%2C%20Tanzania/MBira3_pluck_Main_F2_k9alt_50_100_rr2.wav
kalimba	Idiophones/Plucked Idiophones/Kalimba, Tanzania/MBira3_pluck_Main_F3_k17_50_100_rr2.wav	https://raw.githubusercontent.com/sgossner/VCSL/master/Idiophones/Plucked%20Idiophones/Kalimba%2C%20Tanzania/MBira3_pluck_Main_F3_k17_50_100_rr2.wav
kalimba	Idiophones/Plucked Idiophones/Kalimba, Tanzania/MBira3_pluck_Main_F4_k21_50_100_rr2.wav	https://raw.githubusercontent.com/sgossner/VCSL/master/Idiophones/Plucked%20Idiophones/Kalimba%2C%20Tanzania/MBira3_pluck_Main_F4_k21_50_100_rr2.wav
kalimba	Idiophones/Plucked Idiophones/Kalimba, Tanzania/MBira3_pluck_Main_F4_k3_50_100_rr2.wav	https://raw.githubusercontent.com/sgossner/VCSL/master/Idiophones/Plucked%20Idiophones/Kalimba%2C%20Tanzania/MBira3_pluck_Main_F4_k3_50_100_rr2.wav
kalimba	Idiophones/Plucked Idiophones/Kalimba, Tanzania/MBira3_pluck_Main_G#1_k11_50_100_rr2.wav	https://raw.githubusercontent.com/sgossner/VCSL/master/Idiophones/Plucked%20Idiophones/Kalimba%2C%20Tanzania/MBira3_pluck_Main_G%231_k11_50_100_rr2.wav
kalimba	Idiophones/Plucked Idiophones/Kalimba, Tanzania/MBira3_pluck_Main_G#5_k26_50_100_rr2.wav	https://raw.githubusercontent.com/sgossner/VCSL/master/Idiophones/Plucked%20Idiophones/Kalimba%2C%20Tanzania/MBira3_pluck_Main_G%235_k26_50_100_rr2.wav
kalimba	Idiophones/Plucked Idiophones/Kalimba, Tanzania/MBira3_pluck_Main_G1_k12_50_100_rr2.wav	https://raw.githubusercontent.com/sgossner/VCSL/master/Idiophones/Plucked%20Idiophones/Kalimba%2C%20Tanzania/MBira3_pluck_Main_G1_k12_50_100_rr2.wav
kalimba	Idiophones/Plucked Idiophones/Kalimba, Tanzania/MBira3_pluck_Main_G2_k15_50_100_rr2.wav	https://raw.githubusercontent.com/sgossner/VCSL/master/Idiophones/Plucked%20Idiophones/Kalimba%2C%20Tanzania/MBira3_pluck_Main_G2_k15_50_100_rr2.wav
kalimba	Idiophones/Plucked Idiophones/Kalimba, Tanzania/MBira3_pluck_Main_G3_k6_50_100_rr2.wav	https://raw.githubusercontent.com/sgossner/VCSL/master/Idiophones/Plucked%20Idiophones/Kalimba%2C%20Tanzania/MBira3_pluck_Main_G3_k6_50_100_rr2.wav
kalimba	Idiophones/Plucked Idiophones/Kalimba, Tanzania/MBira3_pluck_Main_G4_k22_50_100_rr2.wav	https://raw.githubusercontent.com/sgossner/VCSL/master/Idiophones/Plucked%20Idiophones/Kalimba%2C%20Tanzania/MBira3_pluck_Main_G4_k22_50_100_rr2.wav
vibraphone	Idiophones/Struck Idiophones/Vibraphone/Hard Mallets/Vibes_hard_A2_v2_rr1_Main.wav	https://raw.githubusercontent.com/sgossner/VCSL/master/Idiophones/Struck%20Idiophones/Vibraphone/Hard%20Mallets/Vibes_hard_A2_v2_rr1_Main.wav
vibraphone	Idiophones/Struck Idiophones/Vibraphone/Hard Mallets/Vibes_hard_A4_v2_rr1_Main.wav	https://raw.githubusercontent.com/sgossner/VCSL/master/Idiophones/Struck%20Idiophones/Vibraphone/Hard%20Mallets/Vibes_hard_A4_v2_rr1_Main.wav
vibraphone	Idiophones/Struck Idiophones/Vibraphone/Hard Mallets/Vibes_hard_B3_v2_rr1_Main.wav	https://raw.githubusercontent.com/sgossner/VCSL/master/Idiophones/Struck%20Idiophones/Vibraphone/Hard%20Mallets/Vibes_hard_B3_v2_rr1_Main.wav
vibraphone	Idiophones/Struck Idiophones/Vibraphone/Hard Mallets/Vibes_hard_C3_v2_rr1_Main.wav	https://raw.githubusercontent.com/sgossner/VCSL/master/Idiophones/Struck%20Idiophones/Vibraphone/Hard%20Mallets/Vibes_hard_C3_v2_rr1_Main.wav
vibraphone	Idiophones/Struck Idiophones/Vibraphone/Hard Mallets/Vibes_hard_C5_v2_rr1_Main.wav	https://raw.githubusercontent.com/sgossner/VCSL/master/Idiophones/Struck%20Idiophones/Vibraphone/Hard%20Mallets/Vibes_hard_C5_v2_rr1_Main.wav
vibraphone	Idiophones/Struck Idiophones/Vibraphone/Hard Mallets/Vibes_hard_D4_v2_rr1_Main.wav	https://raw.githubusercontent.com/sgossner/VCSL/master/Idiophones/Struck%20Idiophones/Vibraphone/Hard%20Mallets/Vibes_hard_D4_v2_rr1_Main.wav
vibraphone	Idiophones/Struck Idiophones/Vibraphone/Hard Mallets/Vibes_hard_E3_v2_rr1_Main.wav	https://raw.githubusercontent.com/sgossner/VCSL/master/Idiophones/Struck%20Idiophones/Vibraphone/Hard%20Mallets/Vibes_hard_E3_v2_rr1_Main.wav
vibraphone	Idiophones/Struck Idiophones/Vibraphone/Hard Mallets/Vibes_hard_E5_v2_rr1_Main.wav	https://raw.githubusercontent.com/sgossner/VCSL/master/Idiophones/Struck%20Idiophones/Vibraphone/Hard%20Mallets/Vibes_hard_E5_v2_rr1_Main.wav
vibraphone	Idiophones/Struck Idiophones/Vibraphone/Hard Mallets/Vibes_hard_F2_v2_rr1_Main.wav	https://raw.githubusercontent.com/sgossner/VCSL/master/Idiophones/Struck%20Idiophones/Vibraphone/Hard%20Mallets/Vibes_hard_F2_v2_rr1_Main.wav
vibraphone	Idiophones/Struck Idiophones/Vibraphone/Hard Mallets/Vibes_hard_F4_v2_rr1_Main.wav	https://raw.githubusercontent.com/sgossner/VCSL/master/Idiophones/Struck%20Idiophones/Vibraphone/Hard%20Mallets/Vibes_hard_F4_v2_rr1_Main.wav
vibraphone	Idiophones/Struck Idiophones/Vibraphone/Hard Mallets/Vibes_hard_G3_v2_rr1_Main.wav	https://raw.githubusercontent.com/sgossner/VCSL/master/Idiophones/Struck%20Idiophones/Vibraphone/Hard%20Mallets/Vibes_hard_G3_v2_rr1_Main.wav
marktree	Idiophones/Struck Idiophones/Mark Trees/Legacy/windchimes_asc1.wav	https://raw.githubusercontent.com/sgossner/VCSL/master/Idiophones/Struck%20Idiophones/Mark%20Trees/Legacy/windchimes_asc1.wav
marktree	Idiophones/Struck Idiophones/Mark Trees/Legacy/windchimes_desc1.wav	https://raw.githubusercontent.com/sgossner/VCSL/master/Idiophones/Struck%20Idiophones/Mark%20Trees/Legacy/windchimes_desc1.wav
marktree	Idiophones/Struck Idiophones/Mark Trees/Legacy/windchimes_fastAsc1.wav	https://raw.githubusercontent.com/sgossner/VCSL/master/Idiophones/Struck%20Idiophones/Mark%20Trees/Legacy/windchimes_fastAsc1.wav
marktree	Idiophones/Struck Idiophones/Mark Trees/Legacy/windchimes_random.wav	https://raw.githubusercontent.com/sgossner/VCSL/master/Idiophones/Struck%20Idiophones/Mark%20Trees/Legacy/windchimes_random.wav
marktree	Idiophones/Struck Idiophones/Mark Trees/Legacy/windchimes_slowAsc1.wav	https://raw.githubusercontent.com/sgossner/VCSL/master/Idiophones/Struck%20Idiophones/Mark%20Trees/Legacy/windchimes_slowAsc1.wav
marktree	Idiophones/Struck Idiophones/Mark Trees/Legacy/windchimes_slowDesc1.wav	https://raw.githubusercontent.com/sgossner/VCSL/master/Idiophones/Struck%20Idiophones/Mark%20Trees/Legacy/windchimes_slowDesc1.wav
gong	Idiophones/Struck Idiophones/Gong 1/gong_2_f.wav	https://raw.githubusercontent.com/sgossner/VCSL/master/Idiophones/Struck%20Idiophones/Gong%201/gong_2_f.wav
gong	Idiophones/Struck Idiophones/Gong 1/gong_2_mp.wav	https://raw.githubusercontent.com/sgossner/VCSL/master/Idiophones/Struck%20Idiophones/Gong%201/gong_2_mp.wav
gong	Idiophones/Struck Idiophones/Gong 1/gong_f.wav	https://raw.githubusercontent.com/sgossner/VCSL/master/Idiophones/Struck%20Idiophones/Gong%201/gong_f.wav
gong	Idiophones/Struck Idiophones/Gong 1/gong_fff.wav	https://raw.githubusercontent.com/sgossner/VCSL/master/Idiophones/Struck%20Idiophones/Gong%201/gong_fff.wav
gong	Idiophones/Struck Idiophones/Gong 1/gong_mf.wav	https://raw.githubusercontent.com/sgossner/VCSL/master/Idiophones/Struck%20Idiophones/Gong%201/gong_mf.wav
gong	Idiophones/Struck Idiophones/Gong 1/gong_p.wav	https://raw.githubusercontent.com/sgossner/VCSL/master/Idiophones/Struck%20Idiophones/Gong%201/gong_p.wav
gong	Idiophones/Struck Idiophones/Gong 1/gong_scrape_mf.wav	https://raw.githubusercontent.com/sgossner/VCSL/master/Idiophones/Struck%20Idiophones/Gong%201/gong_scrape_mf.wav
gong2	Idiophones/Struck Idiophones/Gong 2/hit_full1.mp3	https://raw.githubusercontent.com/sgossner/VCSL/master/Idiophones/Struck%20Idiophones/Gong%202/hit_full1.mp3
gong2	Idiophones/Struck Idiophones/Gong 2/hit_full2_loudest_ST.mp3	https://raw.githubusercontent.com/sgossner/VCSL/master/Idiophones/Struck%20Idiophones/Gong%202/hit_full2_loudest_ST.mp3
gong2	Idiophones/Struck Idiophones/Gong 2/hit_light1.mp3	https://raw.githubusercontent.com/sgossner/VCSL/master/Idiophones/Struck%20Idiophones/Gong%202/hit_light1.mp3
gong2	Idiophones/Struck Idiophones/Gong 2/hit_light2.mp3	https://raw.githubusercontent.com/sgossner/VCSL/master/Idiophones/Struck%20Idiophones/Gong%202/hit_light2.mp3
gong2	Idiophones/Struck Idiophones/Gong 2/hit_light3.mp3	https://raw.githubusercontent.com/sgossner/VCSL/master/Idiophones/Struck%20Idiophones/Gong%202/hit_light3.mp3
gong2	Idiophones/Struck Idiophones/Gong 2/scrape1.mp3	https://raw.githubusercontent.com/sgossner/VCSL/master/Idiophones/Struck%20Idiophones/Gong%202/scrape1.mp3
crash	Idiophones/Struck Idiophones/Clash Cymbals 1/cymbal_crash1_ff2.wav	https://raw.githubusercontent.com/sgossner/VCSL/master/Idiophones/Struck%20Idiophones/Clash%20Cymbals%201/cymbal_crash1_ff2.wav
crash	Idiophones/Struck Idiophones/Clash Cymbals 1/cymbal_crash1_ff3.wav	https://raw.githubusercontent.com/sgossner/VCSL/master/Idiophones/Struck%20Idiophones/Clash%20Cymbals%201/cymbal_crash1_ff3.wav
crash	Idiophones/Struck Idiophones/Clash Cymbals 1/cymbal_crash1_mf1.wav	https://raw.githubusercontent.com/sgossner/VCSL/master/Idiophones/Struck%20Idiophones/Clash%20Cymbals%201/cymbal_crash1_mf1.wav
crash	Idiophones/Struck Idiophones/Clash Cymbals 1/cymbal_crash1_mf2.wav	https://raw.githubusercontent.com/sgossner/VCSL/master/Idiophones/Struck%20Idiophones/Clash%20Cymbals%201/cymbal_crash1_mf2.wav
crash	Idiophones/Struck Idiophones/Clash Cymbals 1/cymbal_crash1_mp1.wav	https://raw.githubusercontent.com/sgossner/VCSL/master/Idiophones/Struck%20Idiophones/Clash%20Cymbals%201/cymbal_crash1_mp1.wav
crash	Idiophones/Struck Idiophones/Clash Cymbals 1/cymbal_crash1_mp2.wav	https://raw.githubusercontent.com/sgossner/VCSL/master/Idiophones/Struck%20Idiophones/Clash%20Cymbals%201/cymbal_crash1_mp2.wav
crash	Idiophones/Struck Idiophones/Clash Cymbals 1/cymbal_crash1_pp1.wav	https://raw.githubusercontent.com/sgossner/VCSL/master/Idiophones/Struck%20Idiophones/Clash%20Cymbals%201/cymbal_crash1_pp1.wav
crash	Idiophones/Struck Idiophones/Clash Cymbals 1/cymbal_crash1_pp2.wav	https://raw.githubusercontent.com/sgossner/VCSL/master/Idiophones/Struck%20Idiophones/Clash%20Cymbals%201/cymbal_crash1_pp2.wav
crash	Idiophones/Struck Idiophones/Clash Cymbals 1/cymbal_crash1_short1.wav	https://raw.githubusercontent.com/sgossner/VCSL/master/Idiophones/Struck%20Idiophones/Clash%20Cymbals%201/cymbal_crash1_short1.wav
crash	Idiophones/Struck Idiophones/Clash Cymbals 1/cymbal_crash1_short2.wav	https://raw.githubusercontent.com/sgossner/VCSL/master/Idiophones/Struck%20Idiophones/Clash%20Cymbals%201/cymbal_crash1_short2.wav
suscymbal	Idiophones/Struck Idiophones/Suspended Cymbal 1/susCymb1_cresc_1.5s.wav	https://raw.githubusercontent.com/sgossner/VCSL/master/Idiophones/Struck%20Idiophones/Suspended%20Cymbal%201/susCymb1_cresc_1.5s.wav
suscymbal	Idiophones/Struck Idiophones/Suspended Cymbal 1/susCymb1_cresc_2s.wav	https://raw.githubusercontent.com/sgossner/VCSL/master/Idiophones/Struck%20Idiophones/Suspended%20Cymbal%201/susCymb1_cresc_2s.wav
suscymbal	Idiophones/Struck Idiophones/Suspended Cymbal 1/susCymb1_cresc_4s.wav	https://raw.githubusercontent.com/sgossner/VCSL/master/Idiophones/Struck%20Idiophones/Suspended%20Cymbal%201/susCymb1_cresc_4s.wav
suscymbal	Idiophones/Struck Idiophones/Suspended Cymbal 1/susCymb1_cresc_7.5s.wav	https://raw.githubusercontent.com/sgossner/VCSL/master/Idiophones/Struck%20Idiophones/Suspended%20Cymbal%201/susCymb1_cresc_7.5s.wav
suscymbal	Idiophones/Struck Idiophones/Suspended Cymbal 1/susCymb1_hit_f1.wav	https://raw.githubusercontent.com/sgossner/VCSL/master/Idiophones/Struck%20Idiophones/Suspended%20Cymbal%201/susCymb1_hit_f1.wav
suscymbal	Idiophones/Struck Idiophones/Suspended Cymbal 1/susCymb1_hit_fff1.wav	https://raw.githubusercontent.com/sgossner/VCSL/master/Idiophones/Struck%20Idiophones/Suspended%20Cymbal%201/susCymb1_hit_fff1.wav
suscymbal	Idiophones/Struck Idiophones/Suspended Cymbal 1/susCymb1_hit_mp1.wav	https://raw.githubusercontent.com/sgossner/VCSL/master/Idiophones/Struck%20Idiophones/Suspended%20Cymbal%201/susCymb1_hit_mp1.wav
fingercym	Idiophones/Struck Idiophones/Finger Cymbals/Fing_Cymb.wav	https://raw.githubusercontent.com/sgossner/VCSL/master/Idiophones/Struck%20Idiophones/Finger%20Cymbals/Fing_Cymb.wav
triangle	Idiophones/Struck Idiophones/Triangles/Legacy/1/triangle1_roll.wav	https://raw.githubusercontent.com/sgossner/VCSL/master/Idiophones/Struck%20Idiophones/Triangles/Legacy/1/triangle1_roll.wav
triangle	Idiophones/Struck Idiophones/Triangles/Triangle1_Hit_v2_rr1_Mid.wav	https://raw.githubusercontent.com/sgossner/VCSL/master/Idiophones/Struck%20Idiophones/Triangles/Triangle1_Hit_v2_rr1_Mid.wav
triangle	Idiophones/Struck Idiophones/Triangles/Triangle3_Hit_v2_rr1_Mid.wav	https://raw.githubusercontent.com/sgossner/VCSL/master/Idiophones/Struck%20Idiophones/Triangles/Triangle3_Hit_v2_rr1_Mid.wav
triangle	Idiophones/Struck Idiophones/Triangles/Triangle6_Hit_v2_rr1_Mid.wav	https://raw.githubusercontent.com/sgossner/VCSL/master/Idiophones/Struck%20Idiophones/Triangles/Triangle6_Hit_v2_rr1_Mid.wav
woodblock	Idiophones/Struck Idiophones/Woodblock/wood_click2_mp.wav	https://raw.githubusercontent.com/sgossner/VCSL/master/Idiophones/Struck%20Idiophones/Woodblock/wood_click2_mp.wav
woodblock	Idiophones/Struck Idiophones/Woodblock/wood_click3_vl1.wav	https://raw.githubusercontent.com/sgossner/VCSL/master/Idiophones/Struck%20Idiophones/Woodblock/wood_click3_vl1.wav
woodblock	Idiophones/Struck Idiophones/Woodblock/wood_click3_vl2.wav	https://raw.githubusercontent.com/sgossner/VCSL/master/Idiophones/Struck%20Idiophones/Woodblock/wood_click3_vl2.wav
woodblock	Idiophones/Struck Idiophones/Woodblock/wood_click_f_rr1.wav	https://raw.githubusercontent.com/sgossner/VCSL/master/Idiophones/Struck%20Idiophones/Woodblock/wood_click_f_rr1.wav
woodblock	Idiophones/Struck Idiophones/Woodblock/wood_click_f_rr2.wav	https://raw.githubusercontent.com/sgossner/VCSL/master/Idiophones/Struck%20Idiophones/Woodblock/wood_click_f_rr2.wav
woodblock	Idiophones/Struck Idiophones/Woodblock/wood_click_ff.wav	https://raw.githubusercontent.com/sgossner/VCSL/master/Idiophones/Struck%20Idiophones/Woodblock/wood_click_ff.wav
woodblock	Idiophones/Struck Idiophones/Woodblock/wood_click_mp.wav	https://raw.githubusercontent.com/sgossner/VCSL/master/Idiophones/Struck%20Idiophones/Woodblock/wood_click_mp.wav
woodblock	Idiophones/Struck Idiophones/Woodblock/wood_click_pp_rr1.wav	https://raw.githubusercontent.com/sgossner/VCSL/master/Idiophones/Struck%20Idiophones/Woodblock/wood_click_pp_rr1.wav
woodblock	Idiophones/Struck Idiophones/Woodblock/wood_click_pp_rr2.wav	https://raw.githubusercontent.com/sgossner/VCSL/master/Idiophones/Struck%20Idiophones/Woodblock/wood_click_pp_rr2.wav
woodblock	Idiophones/Struck Idiophones/Woodblock/wood_click_pp_rr3.wav	https://raw.githubusercontent.com/sgossner/VCSL/master/Idiophones/Struck%20Idiophones/Woodblock/wood_click_pp_rr3.wav
claves	Idiophones/Struck Idiophones/Claves/Claves1_Hit_v1_rr1_Mid.wav	https://raw.githubusercontent.com/sgossner/VCSL/master/Idiophones/Struck%20Idiophones/Claves/Claves1_Hit_v1_rr1_Mid.wav
claves	Idiophones/Struck Idiophones/Claves/Claves1_Hit_v2_rr1_Mid.wav	https://raw.githubusercontent.com/sgossner/VCSL/master/Idiophones/Struck%20Idiophones/Claves/Claves1_Hit_v2_rr1_Mid.wav
claves	Idiophones/Struck Idiophones/Claves/Claves1_Hit_v3_rr1_Mid.wav	https://raw.githubusercontent.com/sgossner/VCSL/master/Idiophones/Struck%20Idiophones/Claves/Claves1_Hit_v3_rr1_Mid.wav
claves	Idiophones/Struck Idiophones/Claves/Claves2_Hit_v1_rr1_Mid.wav	https://raw.githubusercontent.com/sgossner/VCSL/master/Idiophones/Struck%20Idiophones/Claves/Claves2_Hit_v1_rr1_Mid.wav
claves	Idiophones/Struck Idiophones/Claves/Claves2_Hit_v2_rr1_Mid.wav	https://raw.githubusercontent.com/sgossner/VCSL/master/Idiophones/Struck%20Idiophones/Claves/Claves2_Hit_v2_rr1_Mid.wav
claves	Idiophones/Struck Idiophones/Claves/Claves2_Hit_v3_rr1_Mid.wav	https://raw.githubusercontent.com/sgossner/VCSL/master/Idiophones/Struck%20Idiophones/Claves/Claves2_Hit_v3_rr1_Mid.wav
claves	Idiophones/Struck Idiophones/Claves/Legacy/claves_ff.wav	https://raw.githubusercontent.com/sgossner/VCSL/master/Idiophones/Struck%20Idiophones/Claves/Legacy/claves_ff.wav
claves	Idiophones/Struck Idiophones/Claves/Legacy/claves_mf.wav	https://raw.githubusercontent.com/sgossner/VCSL/master/Idiophones/Struck%20Idiophones/Claves/Legacy/claves_mf.wav
claves	Idiophones/Struck Idiophones/Claves/Legacy/claves_mf_2.wav	https://raw.githubusercontent.com/sgossner/VCSL/master/Idiophones/Struck%20Idiophones/Claves/Legacy/claves_mf_2.wav
claves	Idiophones/Struck Idiophones/Claves/Legacy/claves_mf_3.wav	https://raw.githubusercontent.com/sgossner/VCSL/master/Idiophones/Struck%20Idiophones/Claves/Legacy/claves_mf_3.wav
claves	Idiophones/Struck Idiophones/Claves/Legacy/claves_mp.wav	https://raw.githubusercontent.com/sgossner/VCSL/master/Idiophones/Struck%20Idiophones/Claves/Legacy/claves_mp.wav
claves	Idiophones/Struck Idiophones/Claves/Legacy/claves_pp1.wav	https://raw.githubusercontent.com/sgossner/VCSL/master/Idiophones/Struck%20Idiophones/Claves/Legacy/claves_pp1.wav
slapstick	Idiophones/Struck Idiophones/Slapstick/slapstick_quiet_rr1.wav	https://raw.githubusercontent.com/sgossner/VCSL/master/Idiophones/Struck%20Idiophones/Slapstick/slapstick_quiet_rr1.wav
slapstick	Idiophones/Struck Idiophones/Slapstick/slapstick_quiet_rr2.wav	https://raw.githubusercontent.com/sgossner/VCSL/master/Idiophones/Struck%20Idiophones/Slapstick/slapstick_quiet_rr2.wav
slapstick	Idiophones/Struck Idiophones/Slapstick/slapstick_rr1.wav	https://raw.githubusercontent.com/sgossner/VCSL/master/Idiophones/Struck%20Idiophones/Slapstick/slapstick_rr1.wav
slapstick	Idiophones/Struck Idiophones/Slapstick/slapstick_rr2.wav	https://raw.githubusercontent.com/sgossner/VCSL/master/Idiophones/Struck%20Idiophones/Slapstick/slapstick_rr2.wav
slapstick	Idiophones/Struck Idiophones/Slapstick/slapstick_rr3.wav	https://raw.githubusercontent.com/sgossner/VCSL/master/Idiophones/Struck%20Idiophones/Slapstick/slapstick_rr3.wav
vibraslap	Idiophones/Struck Idiophones/Vibraslap/Legacy/vibraslap_rr1.wav	https://raw.githubusercontent.com/sgossner/VCSL/master/Idiophones/Struck%20Idiophones/Vibraslap/Legacy/vibraslap_rr1.wav
vibraslap	Idiophones/Struck Idiophones/Vibraslap/Legacy/vibraslap_rr2.wav	https://raw.githubusercontent.com/sgossner/VCSL/master/Idiophones/Struck%20Idiophones/Vibraslap/Legacy/vibraslap_rr2.wav
vibraslap	Idiophones/Struck Idiophones/Vibraslap/Legacy/vibraslap_rr3.wav	https://raw.githubusercontent.com/sgossner/VCSL/master/Idiophones/Struck%20Idiophones/Vibraslap/Legacy/vibraslap_rr3.wav
vibraslap	Idiophones/Struck Idiophones/Vibraslap/Legacy/vibraslap_rr4.wav	https://raw.githubusercontent.com/sgossner/VCSL/master/Idiophones/Struck%20Idiophones/Vibraslap/Legacy/vibraslap_rr4.wav
flexatone	Idiophones/Struck Idiophones/Flexatone/flexatone1.wav	https://raw.githubusercontent.com/sgossner/VCSL/master/Idiophones/Struck%20Idiophones/Flexatone/flexatone1.wav
flexatone	Idiophones/Struck Idiophones/Flexatone/flexatone2.wav	https://raw.githubusercontent.com/sgossner/VCSL/master/Idiophones/Struck%20Idiophones/Flexatone/flexatone2.wav
flexatone	Idiophones/Struck Idiophones/Flexatone/flexatone_extralong.wav	https://raw.githubusercontent.com/sgossner/VCSL/master/Idiophones/Struck%20Idiophones/Flexatone/flexatone_extralong.wav
flexatone	Idiophones/Struck Idiophones/Flexatone/flexatone_fast.wav	https://raw.githubusercontent.com/sgossner/VCSL/master/Idiophones/Struck%20Idiophones/Flexatone/flexatone_fast.wav
flexatone	Idiophones/Struck Idiophones/Flexatone/flexatone_long.wav	https://raw.githubusercontent.com/sgossner/VCSL/master/Idiophones/Struck%20Idiophones/Flexatone/flexatone_long.wav
flexatone	Idiophones/Struck Idiophones/Flexatone/flexatone_long2.wav	https://raw.githubusercontent.com/sgossner/VCSL/master/Idiophones/Struck%20Idiophones/Flexatone/flexatone_long2.wav
flexatone	Idiophones/Struck Idiophones/Flexatone/flexatone_slap1.wav	https://raw.githubusercontent.com/sgossner/VCSL/master/Idiophones/Struck%20Idiophones/Flexatone/flexatone_slap1.wav
flexatone	Idiophones/Struck Idiophones/Flexatone/flexatone_slap2.wav	https://raw.githubusercontent.com/sgossner/VCSL/master/Idiophones/Struck%20Idiophones/Flexatone/flexatone_slap2.wav
trainwhistle	Aerophones/Edge-blown Aerophones/Train Whistle, Toy/Main_TrainLow_Double-001.wav	https://raw.githubusercontent.com/sgossner/VCSL/master/Aerophones/Edge-blown%20Aerophones/Train%20Whistle%2C%20Toy/Main_TrainLow_Double-001.wav
trainwhistle	Aerophones/Edge-blown Aerophones/Train Whistle, Toy/Main_TrainLow_Fall-001.wav	https://raw.githubusercontent.com/sgossner/VCSL/master/Aerophones/Edge-blown%20Aerophones/Train%20Whistle%2C%20Toy/Main_TrainLow_Fall-001.wav
trainwhistle	Aerophones/Edge-blown Aerophones/Train Whistle, Toy/Main_TrainLow_Med-001.wav	https://raw.githubusercontent.com/sgossner/VCSL/master/Aerophones/Edge-blown%20Aerophones/Train%20Whistle%2C%20Toy/Main_TrainLow_Med-001.wav
trainwhistle	Aerophones/Edge-blown Aerophones/Train Whistle, Toy/Main_TrainLow_Short-001.wav	https://raw.githubusercontent.com/sgossner/VCSL/master/Aerophones/Edge-blown%20Aerophones/Train%20Whistle%2C%20Toy/Main_TrainLow_Short-001.wav
trainwhistle	Aerophones/Edge-blown Aerophones/Train Whistle, Toy/Main_TrainLow_Sus-001.wav	https://raw.githubusercontent.com/sgossner/VCSL/master/Aerophones/Edge-blown%20Aerophones/Train%20Whistle%2C%20Toy/Main_TrainLow_Sus-001.wav
trainwhistle	Aerophones/Edge-blown Aerophones/Train Whistle, Toy/Main_TrainMed_Short-001.wav	https://raw.githubusercontent.com/sgossner/VCSL/master/Aerophones/Edge-blown%20Aerophones/Train%20Whistle%2C%20Toy/Main_TrainMed_Short-001.wav
whistle	Aerophones/Edge-blown Aerophones/Ball Whistle/Main_BallWhistle_Long-001.wav	https://raw.githubusercontent.com/sgossner/VCSL/master/Aerophones/Edge-blown%20Aerophones/Ball%20Whistle/Main_BallWhistle_Long-001.wav
whistle	Aerophones/Edge-blown Aerophones/Ball Whistle/Main_BallWhistle_Short-001.wav	https://raw.githubusercontent.com/sgossner/VCSL/master/Aerophones/Edge-blown%20Aerophones/Ball%20Whistle/Main_BallWhistle_Short-001.wav
ratchet	Idiophones/Struck Idiophones/Ratchet/Ratchet1_Crank_rr1_Mid.wav	https://raw.githubusercontent.com/sgossner/VCSL/master/Idiophones/Struck%20Idiophones/Ratchet/Ratchet1_Crank_rr1_Mid.wav
ratchet	Idiophones/Struck Idiophones/Ratchet/Ratchet1_Crank_rr3_Mid.wav	https://raw.githubusercontent.com/sgossner/VCSL/master/Idiophones/Struck%20Idiophones/Ratchet/Ratchet1_Crank_rr3_Mid.wav
ratchet	Idiophones/Struck Idiophones/Ratchet/Ratchet1_Fast_rr1_Mid.wav	https://raw.githubusercontent.com/sgossner/VCSL/master/Idiophones/Struck%20Idiophones/Ratchet/Ratchet1_Fast_rr1_Mid.wav
ratchet	Idiophones/Struck Idiophones/Ratchet/Ratchet1_Slow_rr1_Mid.wav	https://raw.githubusercontent.com/sgossner/VCSL/master/Idiophones/Struck%20Idiophones/Ratchet/Ratchet1_Slow_rr1_Mid.wav
ratchet	Idiophones/Struck Idiophones/Ratchet/Ratchet2_Crank_v1_rr1_Mid.wav	https://raw.githubusercontent.com/sgossner/VCSL/master/Idiophones/Struck%20Idiophones/Ratchet/Ratchet2_Crank_v1_rr1_Mid.wav
ratchet	Idiophones/Struck Idiophones/Ratchet/Ratchet2_Crank_v1_rr2_Mid.wav	https://raw.githubusercontent.com/sgossner/VCSL/master/Idiophones/Struck%20Idiophones/Ratchet/Ratchet2_Crank_v1_rr2_Mid.wav
ratchet	Idiophones/Struck Idiophones/Ratchet/Ratchet2_Fast_rr1_Mid.wav	https://raw.githubusercontent.com/sgossner/VCSL/master/Idiophones/Struck%20Idiophones/Ratchet/Ratchet2_Fast_rr1_Mid.wav
ratchet	Idiophones/Struck Idiophones/Ratchet/Ratchet2_Slow_rr1_Mid.wav	https://raw.githubusercontent.com/sgossner/VCSL/master/Idiophones/Struck%20Idiophones/Ratchet/Ratchet2_Slow_rr1_Mid.wav
guiro	Idiophones/Struck Idiophones/Guiro/Guiro_Fast_rr1_Mid.wav	https://raw.githubusercontent.com/sgossner/VCSL/master/Idiophones/Struck%20Idiophones/Guiro/Guiro_Fast_rr1_Mid.wav
guiro	Idiophones/Struck Idiophones/Guiro/Guiro_Hit_rr1_Mid.wav	https://raw.githubusercontent.com/sgossner/VCSL/master/Idiophones/Struck%20Idiophones/Guiro/Guiro_Hit_rr1_Mid.wav
guiro	Idiophones/Struck Idiophones/Guiro/Guiro_Hit_rr2_Mid.wav	https://raw.githubusercontent.com/sgossner/VCSL/master/Idiophones/Struck%20Idiophones/Guiro/Guiro_Hit_rr2_Mid.wav
guiro	Idiophones/Struck Idiophones/Guiro/Guiro_Med_rr1_Mid.wav	https://raw.githubusercontent.com/sgossner/VCSL/master/Idiophones/Struck%20Idiophones/Guiro/Guiro_Med_rr1_Mid.wav
guiro	Idiophones/Struck Idiophones/Guiro/Guiro_Slow_rr2_Mid.wav	https://raw.githubusercontent.com/sgossner/VCSL/master/Idiophones/Struck%20Idiophones/Guiro/Guiro_Slow_rr2_Mid.wav
guiro	Idiophones/Struck Idiophones/Guiro/Legacy/guiro_long.wav	https://raw.githubusercontent.com/sgossner/VCSL/master/Idiophones/Struck%20Idiophones/Guiro/Legacy/guiro_long.wav
guiro	Idiophones/Struck Idiophones/Guiro/Legacy/guiro_long2.wav	https://raw.githubusercontent.com/sgossner/VCSL/master/Idiophones/Struck%20Idiophones/Guiro/Legacy/guiro_long2.wav
guiro	Idiophones/Struck Idiophones/Guiro/Legacy/guiro_short.wav	https://raw.githubusercontent.com/sgossner/VCSL/master/Idiophones/Struck%20Idiophones/Guiro/Legacy/guiro_short.wav
guiro	Idiophones/Struck Idiophones/Guiro/Legacy/guiro_short2.wav	https://raw.githubusercontent.com/sgossner/VCSL/master/Idiophones/Struck%20Idiophones/Guiro/Legacy/guiro_short2.wav
guiro	Idiophones/Struck Idiophones/Guiro/Legacy/guiro_short3.wav	https://raw.githubusercontent.com/sgossner/VCSL/master/Idiophones/Struck%20Idiophones/Guiro/Legacy/guiro_short3.wav
guiro	Idiophones/Struck Idiophones/Guiro/Legacy/guiro_short4.wav	https://raw.githubusercontent.com/sgossner/VCSL/master/Idiophones/Struck%20Idiophones/Guiro/Legacy/guiro_short4.wav
guiro	Idiophones/Struck Idiophones/Guiro/Legacy/guiro_short5.wav	https://raw.githubusercontent.com/sgossner/VCSL/master/Idiophones/Struck%20Idiophones/Guiro/Legacy/guiro_short5.wav
guiro	Idiophones/Struck Idiophones/Guiro/Legacy/guiro_superlong.wav	https://raw.githubusercontent.com/sgossner/VCSL/master/Idiophones/Struck%20Idiophones/Guiro/Legacy/guiro_superlong.wav
guiro	Idiophones/Struck Idiophones/Guiro/Legacy/gurio_long4.wav	https://raw.githubusercontent.com/sgossner/VCSL/master/Idiophones/Struck%20Idiophones/Guiro/Legacy/gurio_long4.wav
cabasa	Idiophones/Struck Idiophones/Cabasa/Cabasa1_Hit_rr1_Mid.wav	https://raw.githubusercontent.com/sgossner/VCSL/master/Idiophones/Struck%20Idiophones/Cabasa/Cabasa1_Hit_rr1_Mid.wav
cabasa	Idiophones/Struck Idiophones/Cabasa/Cabasa1_Hit_rr2_Mid.wav	https://raw.githubusercontent.com/sgossner/VCSL/master/Idiophones/Struck%20Idiophones/Cabasa/Cabasa1_Hit_rr2_Mid.wav
cabasa	Idiophones/Struck Idiophones/Cabasa/Cabasa1_Rub_v1_rr1_Mid.wav	https://raw.githubusercontent.com/sgossner/VCSL/master/Idiophones/Struck%20Idiophones/Cabasa/Cabasa1_Rub_v1_rr1_Mid.wav
cabasa	Idiophones/Struck Idiophones/Cabasa/Cabasa1_Rub_v1_rr2_Mid.wav	https://raw.githubusercontent.com/sgossner/VCSL/master/Idiophones/Struck%20Idiophones/Cabasa/Cabasa1_Rub_v1_rr2_Mid.wav
cabasa	Idiophones/Struck Idiophones/Cabasa/Cabasa1_Rub_v2_rr1_Mid.wav	https://raw.githubusercontent.com/sgossner/VCSL/master/Idiophones/Struck%20Idiophones/Cabasa/Cabasa1_Rub_v2_rr1_Mid.wav
cabasa	Idiophones/Struck Idiophones/Cabasa/Cabasa1_Rub_v2_rr2_Mid.wav	https://raw.githubusercontent.com/sgossner/VCSL/master/Idiophones/Struck%20Idiophones/Cabasa/Cabasa1_Rub_v2_rr2_Mid.wav
shaker	Idiophones/Struck Idiophones/Shaker, Small/Mid_ShakerDouble_Down_rr1.wav	https://raw.githubusercontent.com/sgossner/VCSL/master/Idiophones/Struck%20Idiophones/Shaker%2C%20Small/Mid_ShakerDouble_Down_rr1.wav
shaker	Idiophones/Struck Idiophones/Shaker, Small/Mid_ShakerDouble_Down_rr2.wav	https://raw.githubusercontent.com/sgossner/VCSL/master/Idiophones/Struck%20Idiophones/Shaker%2C%20Small/Mid_ShakerDouble_Down_rr2.wav
shaker	Idiophones/Struck Idiophones/Shaker, Small/Mid_ShakerDouble_Up_rr1.wav	https://raw.githubusercontent.com/sgossner/VCSL/master/Idiophones/Struck%20Idiophones/Shaker%2C%20Small/Mid_ShakerDouble_Up_rr1.wav
shaker	Idiophones/Struck Idiophones/Shaker, Small/Mid_ShakerDouble_Up_rr2.wav	https://raw.githubusercontent.com/sgossner/VCSL/master/Idiophones/Struck%20Idiophones/Shaker%2C%20Small/Mid_ShakerDouble_Up_rr2.wav
shaker	Idiophones/Struck Idiophones/Shaker, Small/Mid_ShakerHighFaster_Down_rr1.wav	https://raw.githubusercontent.com/sgossner/VCSL/master/Idiophones/Struck%20Idiophones/Shaker%2C%20Small/Mid_ShakerHighFaster_Down_rr1.wav
shaker	Idiophones/Struck Idiophones/Shaker, Small/Mid_ShakerHighFaster_Down_rr2.wav	https://raw.githubusercontent.com/sgossner/VCSL/master/Idiophones/Struck%20Idiophones/Shaker%2C%20Small/Mid_ShakerHighFaster_Down_rr2.wav
shaker	Idiophones/Struck Idiophones/Shaker, Small/Mid_ShakerHighFaster_Up_rr1.wav	https://raw.githubusercontent.com/sgossner/VCSL/master/Idiophones/Struck%20Idiophones/Shaker%2C%20Small/Mid_ShakerHighFaster_Up_rr1.wav
shaker	Idiophones/Struck Idiophones/Shaker, Small/Mid_ShakerHighFaster_Up_rr2.wav	https://raw.githubusercontent.com/sgossner/VCSL/master/Idiophones/Struck%20Idiophones/Shaker%2C%20Small/Mid_ShakerHighFaster_Up_rr2.wav
shaker	Idiophones/Struck Idiophones/Shaker, Small/Mid_ShakerLowFaster_Down_rr1.wav	https://raw.githubusercontent.com/sgossner/VCSL/master/Idiophones/Struck%20Idiophones/Shaker%2C%20Small/Mid_ShakerLowFaster_Down_rr1.wav
shaker	Idiophones/Struck Idiophones/Shaker, Small/Mid_ShakerLowFaster_Down_rr2.wav	https://raw.githubusercontent.com/sgossner/VCSL/master/Idiophones/Struck%20Idiophones/Shaker%2C%20Small/Mid_ShakerLowFaster_Down_rr2.wav
shaker	Idiophones/Struck Idiophones/Shaker, Small/Mid_ShakerLowFaster_Up_rr1.wav	https://raw.githubusercontent.com/sgossner/VCSL/master/Idiophones/Struck%20Idiophones/Shaker%2C%20Small/Mid_ShakerLowFaster_Up_rr1.wav
shaker	Idiophones/Struck Idiophones/Shaker, Small/Mid_ShakerLowFaster_Up_rr2.wav	https://raw.githubusercontent.com/sgossner/VCSL/master/Idiophones/Struck%20Idiophones/Shaker%2C%20Small/Mid_ShakerLowFaster_Up_rr2.wav
shaker	Idiophones/Struck Idiophones/Shaker, Small/Mid_Shaker_Roll_Fast_rr1.wav	https://raw.githubusercontent.com/sgossner/VCSL/master/Idiophones/Struck%20Idiophones/Shaker%2C%20Small/Mid_Shaker_Roll_Fast_rr1.wav
shaker	Idiophones/Struck Idiophones/Shaker, Small/Mid_Shaker_Roll_Fast_rr2.wav	https://raw.githubusercontent.com/sgossner/VCSL/master/Idiophones/Struck%20Idiophones/Shaker%2C%20Small/Mid_Shaker_Roll_Fast_rr2.wav
shaker	Idiophones/Struck Idiophones/Shaker, Small/Mid_Shaker_Slap_rr1.wav	https://raw.githubusercontent.com/sgossner/VCSL/master/Idiophones/Struck%20Idiophones/Shaker%2C%20Small/Mid_Shaker_Slap_rr1.wav
shaker	Idiophones/Struck Idiophones/Shaker, Small/Mid_Shaker_Slap_rr2.wav	https://raw.githubusercontent.com/sgossner/VCSL/master/Idiophones/Struck%20Idiophones/Shaker%2C%20Small/Mid_Shaker_Slap_rr2.wav
tambourine	Idiophones/Struck Idiophones/Tambourine 1/Tamb1_Hit_v1_rr1_Mid.wav	https://raw.githubusercontent.com/sgossner/VCSL/master/Idiophones/Struck%20Idiophones/Tambourine%201/Tamb1_Hit_v1_rr1_Mid.wav
tambourine	Idiophones/Struck Idiophones/Tambourine 1/Tamb1_Hit_v2_rr1_Mid.wav	https://raw.githubusercontent.com/sgossner/VCSL/master/Idiophones/Struck%20Idiophones/Tambourine%201/Tamb1_Hit_v2_rr1_Mid.wav
tambourine	Idiophones/Struck Idiophones/Tambourine 1/Tamb1_Roll_v1_rr1_Mid.wav	https://raw.githubusercontent.com/sgossner/VCSL/master/Idiophones/Struck%20Idiophones/Tambourine%201/Tamb1_Roll_v1_rr1_Mid.wav
tambourine	Idiophones/Struck Idiophones/Tambourine 1/Tamb1_Roll_v2_rr1_Mid.wav	https://raw.githubusercontent.com/sgossner/VCSL/master/Idiophones/Struck%20Idiophones/Tambourine%201/Tamb1_Roll_v2_rr1_Mid.wav
tambourine	Idiophones/Struck Idiophones/Tambourine 1/Tamb1_Roll_v3_rr1_Mid.wav	https://raw.githubusercontent.com/sgossner/VCSL/master/Idiophones/Struck%20Idiophones/Tambourine%201/Tamb1_Roll_v3_rr1_Mid.wav
tambourine	Idiophones/Struck Idiophones/Tambourine 1/Tamb1_Shake_rr1_Mid.wav	https://raw.githubusercontent.com/sgossner/VCSL/master/Idiophones/Struck%20Idiophones/Tambourine%201/Tamb1_Shake_rr1_Mid.wav
tambourine	Idiophones/Struck Idiophones/Tambourine 1/Tamb1_Shake_rr2_Mid.wav	https://raw.githubusercontent.com/sgossner/VCSL/master/Idiophones/Struck%20Idiophones/Tambourine%201/Tamb1_Shake_rr2_Mid.wav
claps	Idiophones/Struck Idiophones/Claps/Clap_rr1.wav	https://raw.githubusercontent.com/sgossner/VCSL/master/Idiophones/Struck%20Idiophones/Claps/Clap_rr1.wav
claps	Idiophones/Struck Idiophones/Claps/Clap_rr2.wav	https://raw.githubusercontent.com/sgossner/VCSL/master/Idiophones/Struck%20Idiophones/Claps/Clap_rr2.wav
claps	Idiophones/Struck Idiophones/Claps/Clap_rr3.wav	https://raw.githubusercontent.com/sgossner/VCSL/master/Idiophones/Struck%20Idiophones/Claps/Clap_rr3.wav
claps	Idiophones/Struck Idiophones/Claps/Clap_rr4.wav	https://raw.githubusercontent.com/sgossner/VCSL/master/Idiophones/Struck%20Idiophones/Claps/Clap_rr4.wav
claps	Idiophones/Struck Idiophones/Claps/Clap_rr5.wav	https://raw.githubusercontent.com/sgossner/VCSL/master/Idiophones/Struck%20Idiophones/Claps/Clap_rr5.wav
claps	Idiophones/Struck Idiophones/Claps/Clap_rr6.wav	https://raw.githubusercontent.com/sgossner/VCSL/master/Idiophones/Struck%20Idiophones/Claps/Clap_rr6.wav
claps	Idiophones/Struck Idiophones/Claps/SoloClap_vl1.wav	https://raw.githubusercontent.com/sgossner/VCSL/master/Idiophones/Struck%20Idiophones/Claps/SoloClap_vl1.wav
claps	Idiophones/Struck Idiophones/Claps/SoloClap_vl2.wav	https://raw.githubusercontent.com/sgossner/VCSL/master/Idiophones/Struck%20Idiophones/Claps/SoloClap_vl2.wav
claps	Idiophones/Struck Idiophones/Claps/SoloClap_vl3.wav	https://raw.githubusercontent.com/sgossner/VCSL/master/Idiophones/Struck%20Idiophones/Claps/SoloClap_vl3.wav
claps	Idiophones/Struck Idiophones/Claps/SoloClap_vl4.wav	https://raw.githubusercontent.com/sgossner/VCSL/master/Idiophones/Struck%20Idiophones/Claps/SoloClap_vl4.wav
cowbell	Idiophones/Struck Idiophones/Cowbells/Cowbell1_Hit_v2_rr1_Mid.wav	https://raw.githubusercontent.com/sgossner/VCSL/master/Idiophones/Struck%20Idiophones/Cowbells/Cowbell1_Hit_v2_rr1_Mid.wav
cowbell	Idiophones/Struck Idiophones/Cowbells/Cowbell1_Hit_v3_rr1_Mid.wav	https://raw.githubusercontent.com/sgossner/VCSL/master/Idiophones/Struck%20Idiophones/Cowbells/Cowbell1_Hit_v3_rr1_Mid.wav
cowbell	Idiophones/Struck Idiophones/Cowbells/Cowbell1_Hit_v4_rr1_Mid.wav	https://raw.githubusercontent.com/sgossner/VCSL/master/Idiophones/Struck%20Idiophones/Cowbells/Cowbell1_Hit_v4_rr1_Mid.wav
cowbell	Idiophones/Struck Idiophones/Cowbells/Cowbell1_Muted_v2_rr1_Mid.wav	https://raw.githubusercontent.com/sgossner/VCSL/master/Idiophones/Struck%20Idiophones/Cowbells/Cowbell1_Muted_v2_rr1_Mid.wav
cowbell	Idiophones/Struck Idiophones/Cowbells/Cowbell1_Muted_v3_rr1_Mid.wav	https://raw.githubusercontent.com/sgossner/VCSL/master/Idiophones/Struck%20Idiophones/Cowbells/Cowbell1_Muted_v3_rr1_Mid.wav
cowbell	Idiophones/Struck Idiophones/Cowbells/Cowbell1_Normal_v2_rr1_Mid.wav	https://raw.githubusercontent.com/sgossner/VCSL/master/Idiophones/Struck%20Idiophones/Cowbells/Cowbell1_Normal_v2_rr1_Mid.wav
cowbell	Idiophones/Struck Idiophones/Cowbells/Cowbell1_Normal_v3_rr1_Mid.wav	https://raw.githubusercontent.com/sgossner/VCSL/master/Idiophones/Struck%20Idiophones/Cowbells/Cowbell1_Normal_v3_rr1_Mid.wav
cowbell	Idiophones/Struck Idiophones/Cowbells/Cowbell2_Double_v2_rr1_Mid.wav	https://raw.githubusercontent.com/sgossner/VCSL/master/Idiophones/Struck%20Idiophones/Cowbells/Cowbell2_Double_v2_rr1_Mid.wav
cowbell	Idiophones/Struck Idiophones/Cowbells/Cowbell2_Double_v3_rr1_Mid.wav	https://raw.githubusercontent.com/sgossner/VCSL/master/Idiophones/Struck%20Idiophones/Cowbells/Cowbell2_Double_v3_rr1_Mid.wav
cowbell	Idiophones/Struck Idiophones/Cowbells/Cowbell2_Muted_v2_rr1_Mid.wav	https://raw.githubusercontent.com/sgossner/VCSL/master/Idiophones/Struck%20Idiophones/Cowbells/Cowbell2_Muted_v2_rr1_Mid.wav
cowbell	Idiophones/Struck Idiophones/Cowbells/Cowbell2_Muted_v3_rr1_Mid.wav	https://raw.githubusercontent.com/sgossner/VCSL/master/Idiophones/Struck%20Idiophones/Cowbells/Cowbell2_Muted_v3_rr1_Mid.wav
cowbell	Idiophones/Struck Idiophones/Cowbells/Cowbell2_Normal_v2_rr1_Mid.wav	https://raw.githubusercontent.com/sgossner/VCSL/master/Idiophones/Struck%20Idiophones/Cowbells/Cowbell2_Normal_v2_rr1_Mid.wav
cowbell	Idiophones/Struck Idiophones/Cowbells/Cowbell2_Normal_v3_rr1_Mid.wav	https://raw.githubusercontent.com/sgossner/VCSL/master/Idiophones/Struck%20Idiophones/Cowbells/Cowbell2_Normal_v3_rr1_Mid.wav
agogo	Idiophones/Struck Idiophones/Agogo Bells/Agogo_High_v1_rr1_Mid.wav	https://raw.githubusercontent.com/sgossner/VCSL/master/Idiophones/Struck%20Idiophones/Agogo%20Bells/Agogo_High_v1_rr1_Mid.wav
agogo	Idiophones/Struck Idiophones/Agogo Bells/Agogo_High_v2_rr1_Mid.wav	https://raw.githubusercontent.com/sgossner/VCSL/master/Idiophones/Struck%20Idiophones/Agogo%20Bells/Agogo_High_v2_rr1_Mid.wav
agogo	Idiophones/Struck Idiophones/Agogo Bells/Agogo_High_v3_rr1_Mid.wav	https://raw.githubusercontent.com/sgossner/VCSL/master/Idiophones/Struck%20Idiophones/Agogo%20Bells/Agogo_High_v3_rr1_Mid.wav
agogo	Idiophones/Struck Idiophones/Agogo Bells/Agogo_Low_v1_rr1_Mid.wav	https://raw.githubusercontent.com/sgossner/VCSL/master/Idiophones/Struck%20Idiophones/Agogo%20Bells/Agogo_Low_v1_rr1_Mid.wav
agogo	Idiophones/Struck Idiophones/Agogo Bells/Agogo_Low_v2_rr1_Mid.wav	https://raw.githubusercontent.com/sgossner/VCSL/master/Idiophones/Struck%20Idiophones/Agogo%20Bells/Agogo_Low_v2_rr1_Mid.wav
agogo	Idiophones/Struck Idiophones/Agogo Bells/Legacy/agogoBell2_mf_1.wav	https://raw.githubusercontent.com/sgossner/VCSL/master/Idiophones/Struck%20Idiophones/Agogo%20Bells/Legacy/agogoBell2_mf_1.wav
agogo	Idiophones/Struck Idiophones/Agogo Bells/Legacy/agogoBell2_mp_1.wav	https://raw.githubusercontent.com/sgossner/VCSL/master/Idiophones/Struck%20Idiophones/Agogo%20Bells/Legacy/agogoBell2_mp_1.wav
agogo	Idiophones/Struck Idiophones/Agogo Bells/Legacy/agogoBell2_mp_2.wav	https://raw.githubusercontent.com/sgossner/VCSL/master/Idiophones/Struck%20Idiophones/Agogo%20Bells/Legacy/agogoBell2_mp_2.wav
agogo	Idiophones/Struck Idiophones/Agogo Bells/Legacy/agogoBell3_f_1.wav	https://raw.githubusercontent.com/sgossner/VCSL/master/Idiophones/Struck%20Idiophones/Agogo%20Bells/Legacy/agogoBell3_f_1.wav
agogo	Idiophones/Struck Idiophones/Agogo Bells/Legacy/agogoBell3_f_2.wav	https://raw.githubusercontent.com/sgossner/VCSL/master/Idiophones/Struck%20Idiophones/Agogo%20Bells/Legacy/agogoBell3_f_2.wav
agogo	Idiophones/Struck Idiophones/Agogo Bells/Legacy/agogoBell3_ff_1.wav	https://raw.githubusercontent.com/sgossner/VCSL/master/Idiophones/Struck%20Idiophones/Agogo%20Bells/Legacy/agogoBell3_ff_1.wav
agogo	Idiophones/Struck Idiophones/Agogo Bells/Legacy/agogoBell3_ff_2.wav	https://raw.githubusercontent.com/sgossner/VCSL/master/Idiophones/Struck%20Idiophones/Agogo%20Bells/Legacy/agogoBell3_ff_2.wav
agogo	Idiophones/Struck Idiophones/Agogo Bells/Legacy/agogoBell3_ff_3.wav	https://raw.githubusercontent.com/sgossner/VCSL/master/Idiophones/Struck%20Idiophones/Agogo%20Bells/Legacy/agogoBell3_ff_3.wav
agogo	Idiophones/Struck Idiophones/Agogo Bells/Legacy/agogoBell_f_1.wav	https://raw.githubusercontent.com/sgossner/VCSL/master/Idiophones/Struck%20Idiophones/Agogo%20Bells/Legacy/agogoBell_f_1.wav
agogo	Idiophones/Struck Idiophones/Agogo Bells/Legacy/agogoBell_mf1.wav	https://raw.githubusercontent.com/sgossner/VCSL/master/Idiophones/Struck%20Idiophones/Agogo%20Bells/Legacy/agogoBell_mf1.wav
slitdrum	Idiophones/Struck Idiophones/Slit Drum/LogDrumHi_MedM_v1_rr1_Sum.wav	https://raw.githubusercontent.com/sgossner/VCSL/master/Idiophones/Struck%20Idiophones/Slit%20Drum/LogDrumHi_MedM_v1_rr1_Sum.wav
slitdrum	Idiophones/Struck Idiophones/Slit Drum/LogDrumHi_MedM_v2_rr1_Sum.wav	https://raw.githubusercontent.com/sgossner/VCSL/master/Idiophones/Struck%20Idiophones/Slit%20Drum/LogDrumHi_MedM_v2_rr1_Sum.wav
slitdrum	Idiophones/Struck Idiophones/Slit Drum/LogDrumHi_MedM_v3_rr1_Sum.wav	https://raw.githubusercontent.com/sgossner/VCSL/master/Idiophones/Struck%20Idiophones/Slit%20Drum/LogDrumHi_MedM_v3_rr1_Sum.wav
slitdrum	Idiophones/Struck Idiophones/Slit Drum/LogDrumLo_MedM_v1_rr1_Sum.wav	https://raw.githubusercontent.com/sgossner/VCSL/master/Idiophones/Struck%20Idiophones/Slit%20Drum/LogDrumLo_MedM_v1_rr1_Sum.wav
slitdrum	Idiophones/Struck Idiophones/Slit Drum/LogDrumLo_MedM_v2_rr1_Sum.wav	https://raw.githubusercontent.com/sgossner/VCSL/master/Idiophones/Struck%20Idiophones/Slit%20Drum/LogDrumLo_MedM_v2_rr1_Sum.wav
slitdrum	Idiophones/Struck Idiophones/Slit Drum/LogDrumLo_MedM_v3_rr1_Sum.wav	https://raw.githubusercontent.com/sgossner/VCSL/master/Idiophones/Struck%20Idiophones/Slit%20Drum/LogDrumLo_MedM_v3_rr1_Sum.wav
sleighbells	Idiophones/Struck Idiophones/Sleigh Bells/Sleighbells_Hit_rr1_Mid.wav	https://raw.githubusercontent.com/sgossner/VCSL/master/Idiophones/Struck%20Idiophones/Sleigh%20Bells/Sleighbells_Hit_rr1_Mid.wav
sleighbells	Idiophones/Struck Idiophones/Sleigh Bells/Sleighbells_Hit_rr2_Mid.wav	https://raw.githubusercontent.com/sgossner/VCSL/master/Idiophones/Struck%20Idiophones/Sleigh%20Bells/Sleighbells_Hit_rr2_Mid.wav
sleighbells	Idiophones/Struck Idiophones/Sleigh Bells/sleighbell1_shake1.wav	https://raw.githubusercontent.com/sgossner/VCSL/master/Idiophones/Struck%20Idiophones/Sleigh%20Bells/sleighbell1_shake1.wav
sleighbells	Idiophones/Struck Idiophones/Sleigh Bells/sleighbell2_hit_2.wav	https://raw.githubusercontent.com/sgossner/VCSL/master/Idiophones/Struck%20Idiophones/Sleigh%20Bells/sleighbell2_hit_2.wav
sleighbells	Idiophones/Struck Idiophones/Sleigh Bells/sleighbell2_hit_loud.wav	https://raw.githubusercontent.com/sgossner/VCSL/master/Idiophones/Struck%20Idiophones/Sleigh%20Bells/sleighbell2_hit_loud.wav
sleighbells	Idiophones/Struck Idiophones/Sleigh Bells/sleighbell2_shake1.wav	https://raw.githubusercontent.com/sgossner/VCSL/master/Idiophones/Struck%20Idiophones/Sleigh%20Bells/sleighbell2_shake1.wav
belltree	Idiophones/Struck Idiophones/Bell Tree/Stroke/BellTree_Stroke_10_Mid.wav	https://raw.githubusercontent.com/sgossner/VCSL/master/Idiophones/Struck%20Idiophones/Bell%20Tree/Stroke/BellTree_Stroke_10_Mid.wav
belltree	Idiophones/Struck Idiophones/Bell Tree/Stroke/BellTree_Stroke_1_Mid.wav	https://raw.githubusercontent.com/sgossner/VCSL/master/Idiophones/Struck%20Idiophones/Bell%20Tree/Stroke/BellTree_Stroke_1_Mid.wav
belltree	Idiophones/Struck Idiophones/Bell Tree/Stroke/BellTree_Stroke_3_Mid.wav	https://raw.githubusercontent.com/sgossner/VCSL/master/Idiophones/Struck%20Idiophones/Bell%20Tree/Stroke/BellTree_Stroke_3_Mid.wav
belltree	Idiophones/Struck Idiophones/Bell Tree/Stroke/BellTree_Stroke_4_Mid.wav	https://raw.githubusercontent.com/sgossner/VCSL/master/Idiophones/Struck%20Idiophones/Bell%20Tree/Stroke/BellTree_Stroke_4_Mid.wav
belltree	Idiophones/Struck Idiophones/Bell Tree/Stroke/BellTree_Stroke_6_Mid.wav	https://raw.githubusercontent.com/sgossner/VCSL/master/Idiophones/Struck%20Idiophones/Bell%20Tree/Stroke/BellTree_Stroke_6_Mid.wav
tubularbells	Idiophones/Struck Idiophones/Tubular Bells 1/chimes_A#3_ff_rr1.wav	https://raw.githubusercontent.com/sgossner/VCSL/master/Idiophones/Struck%20Idiophones/Tubular%20Bells%201/chimes_A%233_ff_rr1.wav
tubularbells	Idiophones/Struck Idiophones/Tubular Bells 1/chimes_C4_ff_rr2.wav	https://raw.githubusercontent.com/sgossner/VCSL/master/Idiophones/Struck%20Idiophones/Tubular%20Bells%201/chimes_C4_ff_rr2.wav
tubularbells	Idiophones/Struck Idiophones/Tubular Bells 1/chimes_D3_ff_rr1.wav	https://raw.githubusercontent.com/sgossner/VCSL/master/Idiophones/Struck%20Idiophones/Tubular%20Bells%201/chimes_D3_ff_rr1.wav
tubularbells	Idiophones/Struck Idiophones/Tubular Bells 1/chimes_D4_ff_rr2.wav	https://raw.githubusercontent.com/sgossner/VCSL/master/Idiophones/Struck%20Idiophones/Tubular%20Bells%201/chimes_D4_ff_rr2.wav
tubularbells	Idiophones/Struck Idiophones/Tubular Bells 1/chimes_E3_ff_rr2.wav	https://raw.githubusercontent.com/sgossner/VCSL/master/Idiophones/Struck%20Idiophones/Tubular%20Bells%201/chimes_E3_ff_rr2.wav
tubularbells	Idiophones/Struck Idiophones/Tubular Bells 1/chimes_E4_ff_rr2.wav	https://raw.githubusercontent.com/sgossner/VCSL/master/Idiophones/Struck%20Idiophones/Tubular%20Bells%201/chimes_E4_ff_rr2.wav
tubularbells	Idiophones/Struck Idiophones/Tubular Bells 1/chimes_F#3_fff_rr1.wav	https://raw.githubusercontent.com/sgossner/VCSL/master/Idiophones/Struck%20Idiophones/Tubular%20Bells%201/chimes_F%233_fff_rr1.wav
tubularbells	Idiophones/Struck Idiophones/Tubular Bells 1/chimes_G#3_ff_rr1.wav	https://raw.githubusercontent.com/sgossner/VCSL/master/Idiophones/Struck%20Idiophones/Tubular%20Bells%201/chimes_G%233_ff_rr1.wav
framedrum	Membranophones/Struck Membranophones/Frame Drum/HDrumL_Hand_rr1_Sum.wav	https://raw.githubusercontent.com/sgossner/VCSL/master/Membranophones/Struck%20Membranophones/Frame%20Drum/HDrumL_Hand_rr1_Sum.wav
framedrum	Membranophones/Struck Membranophones/Frame Drum/HDrumL_HitMuted_v2_rr1_Sum.wav	https://raw.githubusercontent.com/sgossner/VCSL/master/Membranophones/Struck%20Membranophones/Frame%20Drum/HDrumL_HitMuted_v2_rr1_Sum.wav
framedrum	Membranophones/Struck Membranophones/Frame Drum/HDrumL_HitMuted_v2_rr2_Sum.wav	https://raw.githubusercontent.com/sgossner/VCSL/master/Membranophones/Struck%20Membranophones/Frame%20Drum/HDrumL_HitMuted_v2_rr2_Sum.wav
framedrum	Membranophones/Struck Membranophones/Frame Drum/HDrumL_HitMuted_v3_rr1_Sum.wav	https://raw.githubusercontent.com/sgossner/VCSL/master/Membranophones/Struck%20Membranophones/Frame%20Drum/HDrumL_HitMuted_v3_rr1_Sum.wav
framedrum	Membranophones/Struck Membranophones/Frame Drum/HDrumL_HitMuted_v3_rr2_Sum.wav	https://raw.githubusercontent.com/sgossner/VCSL/master/Membranophones/Struck%20Membranophones/Frame%20Drum/HDrumL_HitMuted_v3_rr2_Sum.wav
framedrum	Membranophones/Struck Membranophones/Frame Drum/HDrumL_Hit_v2_rr1_Sum.wav	https://raw.githubusercontent.com/sgossner/VCSL/master/Membranophones/Struck%20Membranophones/Frame%20Drum/HDrumL_Hit_v2_rr1_Sum.wav
framedrum	Membranophones/Struck Membranophones/Frame Drum/HDrumL_Hit_v2_rr2_Sum.wav	https://raw.githubusercontent.com/sgossner/VCSL/master/Membranophones/Struck%20Membranophones/Frame%20Drum/HDrumL_Hit_v2_rr2_Sum.wav
framedrum	Membranophones/Struck Membranophones/Frame Drum/HDrumL_Hit_v3_rr1_Sum.wav	https://raw.githubusercontent.com/sgossner/VCSL/master/Membranophones/Struck%20Membranophones/Frame%20Drum/HDrumL_Hit_v3_rr1_Sum.wav
framedrum	Membranophones/Struck Membranophones/Frame Drum/HDrumL_Hit_v3_rr2_Sum.wav	https://raw.githubusercontent.com/sgossner/VCSL/master/Membranophones/Struck%20Membranophones/Frame%20Drum/HDrumL_Hit_v3_rr2_Sum.wav
framedrum	Membranophones/Struck Membranophones/Frame Drum/HDrumS_Hand_v1_rr1_Sum.wav	https://raw.githubusercontent.com/sgossner/VCSL/master/Membranophones/Struck%20Membranophones/Frame%20Drum/HDrumS_Hand_v1_rr1_Sum.wav
framedrum	Membranophones/Struck Membranophones/Frame Drum/HDrumS_HitMuted_v2_rr1_Sum.wav	https://raw.githubusercontent.com/sgossner/VCSL/master/Membranophones/Struck%20Membranophones/Frame%20Drum/HDrumS_HitMuted_v2_rr1_Sum.wav
framedrum	Membranophones/Struck Membranophones/Frame Drum/HDrumS_HitMuted_v2_rr2_Sum.wav	https://raw.githubusercontent.com/sgossner/VCSL/master/Membranophones/Struck%20Membranophones/Frame%20Drum/HDrumS_HitMuted_v2_rr2_Sum.wav
framedrum	Membranophones/Struck Membranophones/Frame Drum/HDrumS_HitMuted_v3_rr1_Sum.wav	https://raw.githubusercontent.com/sgossner/VCSL/master/Membranophones/Struck%20Membranophones/Frame%20Drum/HDrumS_HitMuted_v3_rr1_Sum.wav
framedrum	Membranophones/Struck Membranophones/Frame Drum/HDrumS_HitMuted_v3_rr2_Sum.wav	https://raw.githubusercontent.com/sgossner/VCSL/master/Membranophones/Struck%20Membranophones/Frame%20Drum/HDrumS_HitMuted_v3_rr2_Sum.wav
framedrum	Membranophones/Struck Membranophones/Frame Drum/HDrumS_Hit_v2_rr1_Sum.wav	https://raw.githubusercontent.com/sgossner/VCSL/master/Membranophones/Struck%20Membranophones/Frame%20Drum/HDrumS_Hit_v2_rr1_Sum.wav
framedrum	Membranophones/Struck Membranophones/Frame Drum/HDrumS_Hit_v2_rr2_Sum.wav	https://raw.githubusercontent.com/sgossner/VCSL/master/Membranophones/Struck%20Membranophones/Frame%20Drum/HDrumS_Hit_v2_rr2_Sum.wav
framedrum	Membranophones/Struck Membranophones/Frame Drum/HDrumS_Hit_v3_rr1_Sum.wav	https://raw.githubusercontent.com/sgossner/VCSL/master/Membranophones/Struck%20Membranophones/Frame%20Drum/HDrumS_Hit_v3_rr1_Sum.wav
framedrum	Membranophones/Struck Membranophones/Frame Drum/HDrumS_Hit_v3_rr2_Sum.wav	https://raw.githubusercontent.com/sgossner/VCSL/master/Membranophones/Struck%20Membranophones/Frame%20Drum/HDrumS_Hit_v3_rr2_Sum.wav
bassdrum	Membranophones/Struck Membranophones/Bass Drum 1/BDrumNew_hit_v2_rr1_Sum.wav	https://raw.githubusercontent.com/sgossner/VCSL/master/Membranophones/Struck%20Membranophones/Bass%20Drum%201/BDrumNew_hit_v2_rr1_Sum.wav
bassdrum	Membranophones/Struck Membranophones/Bass Drum 1/BDrumNew_hit_v2_rr2_Sum.wav	https://raw.githubusercontent.com/sgossner/VCSL/master/Membranophones/Struck%20Membranophones/Bass%20Drum%201/BDrumNew_hit_v2_rr2_Sum.wav
bassdrum	Membranophones/Struck Membranophones/Bass Drum 1/BDrumNew_hit_v3_rr1_Sum.wav	https://raw.githubusercontent.com/sgossner/VCSL/master/Membranophones/Struck%20Membranophones/Bass%20Drum%201/BDrumNew_hit_v3_rr1_Sum.wav
bassdrum	Membranophones/Struck Membranophones/Bass Drum 1/BDrumNew_hit_v3_rr2_Sum.wav	https://raw.githubusercontent.com/sgossner/VCSL/master/Membranophones/Struck%20Membranophones/Bass%20Drum%201/BDrumNew_hit_v3_rr2_Sum.wav
bassdrum	Membranophones/Struck Membranophones/Bass Drum 1/BDrumNew_hit_v5_rr1_Sum.wav	https://raw.githubusercontent.com/sgossner/VCSL/master/Membranophones/Struck%20Membranophones/Bass%20Drum%201/BDrumNew_hit_v5_rr1_Sum.wav
bassdrum	Membranophones/Struck Membranophones/Bass Drum 1/BDrumNew_hit_v5_rr2_Sum.wav	https://raw.githubusercontent.com/sgossner/VCSL/master/Membranophones/Struck%20Membranophones/Bass%20Drum%201/BDrumNew_hit_v5_rr2_Sum.wav
bassdrum	Membranophones/Struck Membranophones/Bass Drum 1/BDrumNew_hit_v7_rr1_Sum.wav	https://raw.githubusercontent.com/sgossner/VCSL/master/Membranophones/Struck%20Membranophones/Bass%20Drum%201/BDrumNew_hit_v7_rr1_Sum.wav
bassdrum	Membranophones/Struck Membranophones/Bass Drum 1/BDrumNew_hit_v7_rr2_Sum.wav	https://raw.githubusercontent.com/sgossner/VCSL/master/Membranophones/Struck%20Membranophones/Bass%20Drum%201/BDrumNew_hit_v7_rr2_Sum.wav
bassdrum2	Membranophones/Struck Membranophones/Bass Drum 2/bassdrum_hit_f.wav	https://raw.githubusercontent.com/sgossner/VCSL/master/Membranophones/Struck%20Membranophones/Bass%20Drum%202/bassdrum_hit_f.wav
bassdrum2	Membranophones/Struck Membranophones/Bass Drum 2/bassdrum_hit_ff.wav	https://raw.githubusercontent.com/sgossner/VCSL/master/Membranophones/Struck%20Membranophones/Bass%20Drum%202/bassdrum_hit_ff.wav
bassdrum2	Membranophones/Struck Membranophones/Bass Drum 2/bassdrum_hit_mf1.wav	https://raw.githubusercontent.com/sgossner/VCSL/master/Membranophones/Struck%20Membranophones/Bass%20Drum%202/bassdrum_hit_mf1.wav
bassdrum2	Membranophones/Struck Membranophones/Bass Drum 2/bassdrum_hit_mf2.wav	https://raw.githubusercontent.com/sgossner/VCSL/master/Membranophones/Struck%20Membranophones/Bass%20Drum%202/bassdrum_hit_mf2.wav
bassdrum2	Membranophones/Struck Membranophones/Bass Drum 2/bassdrum_hit_mp1.wav	https://raw.githubusercontent.com/sgossner/VCSL/master/Membranophones/Struck%20Membranophones/Bass%20Drum%202/bassdrum_hit_mp1.wav
bassdrum2	Membranophones/Struck Membranophones/Bass Drum 2/bassdrum_hit_mp2.wav	https://raw.githubusercontent.com/sgossner/VCSL/master/Membranophones/Struck%20Membranophones/Bass%20Drum%202/bassdrum_hit_mp2.wav
bassdrum2	Membranophones/Struck Membranophones/Bass Drum 2/bassdrum_hit_pp1.wav	https://raw.githubusercontent.com/sgossner/VCSL/master/Membranophones/Struck%20Membranophones/Bass%20Drum%202/bassdrum_hit_pp1.wav
bassdrum2	Membranophones/Struck Membranophones/Bass Drum 2/bassdrum_hit_pp2.wav	https://raw.githubusercontent.com/sgossner/VCSL/master/Membranophones/Struck%20Membranophones/Bass%20Drum%202/bassdrum_hit_pp2.wav
timpani	Membranophones/Struck Membranophones/Timpani 1/Hit/Timpani1_Hit_v4_rr1_Sum.wav	https://raw.githubusercontent.com/sgossner/VCSL/master/Membranophones/Struck%20Membranophones/Timpani%201/Hit/Timpani1_Hit_v4_rr1_Sum.wav
timpani	Membranophones/Struck Membranophones/Timpani 1/Hit/Timpani2_Hit_v4_rr1_Sum.wav	https://raw.githubusercontent.com/sgossner/VCSL/master/Membranophones/Struck%20Membranophones/Timpani%201/Hit/Timpani2_Hit_v4_rr1_Sum.wav
timpani	Membranophones/Struck Membranophones/Timpani 1/Hit/Timpani3_Hit_v4_rr1_Sum.wav	https://raw.githubusercontent.com/sgossner/VCSL/master/Membranophones/Struck%20Membranophones/Timpani%201/Hit/Timpani3_Hit_v4_rr1_Sum.wav
timpani	Membranophones/Struck Membranophones/Timpani 1/Hit/Timpani4_Hit_v4_rr1_Sum.wav	https://raw.githubusercontent.com/sgossner/VCSL/master/Membranophones/Struck%20Membranophones/Timpani%201/Hit/Timpani4_Hit_v4_rr1_Sum.wav
timpani	Membranophones/Struck Membranophones/Timpani 1/Hit/Timpani5_Hit_v4_rr1_Sum.wav	https://raw.githubusercontent.com/sgossner/VCSL/master/Membranophones/Struck%20Membranophones/Timpani%201/Hit/Timpani5_Hit_v4_rr1_Sum.wav
tom	Membranophones/Struck Membranophones/Tom 1/Mallet/TomH_HitM_v2_rr1_Mid.wav	https://raw.githubusercontent.com/sgossner/VCSL/master/Membranophones/Struck%20Membranophones/Tom%201/Mallet/TomH_HitM_v2_rr1_Mid.wav
tom	Membranophones/Struck Membranophones/Tom 1/Mallet/TomH_HitM_v2_rr2_Mid.wav	https://raw.githubusercontent.com/sgossner/VCSL/master/Membranophones/Struck%20Membranophones/Tom%201/Mallet/TomH_HitM_v2_rr2_Mid.wav
tom	Membranophones/Struck Membranophones/Tom 1/Mallet/TomH_HitM_v3_rr1_Mid.wav	https://raw.githubusercontent.com/sgossner/VCSL/master/Membranophones/Struck%20Membranophones/Tom%201/Mallet/TomH_HitM_v3_rr1_Mid.wav
tom	Membranophones/Struck Membranophones/Tom 1/Mallet/TomH_HitM_v3_rr2_Mid.wav	https://raw.githubusercontent.com/sgossner/VCSL/master/Membranophones/Struck%20Membranophones/Tom%201/Mallet/TomH_HitM_v3_rr2_Mid.wav
tom	Membranophones/Struck Membranophones/Tom 1/Mallet/TomH_HitM_v4_rr1_Mid.wav	https://raw.githubusercontent.com/sgossner/VCSL/master/Membranophones/Struck%20Membranophones/Tom%201/Mallet/TomH_HitM_v4_rr1_Mid.wav
tom	Membranophones/Struck Membranophones/Tom 1/Mallet/TomH_HitM_v4_rr2_Mid.wav	https://raw.githubusercontent.com/sgossner/VCSL/master/Membranophones/Struck%20Membranophones/Tom%201/Mallet/TomH_HitM_v4_rr2_Mid.wav
tom	Membranophones/Struck Membranophones/Tom 1/Mallet/TomH_RollM_v1_rr1_Mid.wav	https://raw.githubusercontent.com/sgossner/VCSL/master/Membranophones/Struck%20Membranophones/Tom%201/Mallet/TomH_RollM_v1_rr1_Mid.wav
tom	Membranophones/Struck Membranophones/Tom 1/Mallet/TomH_RollM_v2_rr1_Mid.wav	https://raw.githubusercontent.com/sgossner/VCSL/master/Membranophones/Struck%20Membranophones/Tom%201/Mallet/TomH_RollM_v2_rr1_Mid.wav
tom	Membranophones/Struck Membranophones/Tom 1/Stick/TomH_HitS_v2_rr1_Mid.wav	https://raw.githubusercontent.com/sgossner/VCSL/master/Membranophones/Struck%20Membranophones/Tom%201/Stick/TomH_HitS_v2_rr1_Mid.wav
tom	Membranophones/Struck Membranophones/Tom 1/Stick/TomH_HitS_v2_rr2_Mid.wav	https://raw.githubusercontent.com/sgossner/VCSL/master/Membranophones/Struck%20Membranophones/Tom%201/Stick/TomH_HitS_v2_rr2_Mid.wav
tom	Membranophones/Struck Membranophones/Tom 1/Stick/TomH_HitS_v3_rr1_Mid.wav	https://raw.githubusercontent.com/sgossner/VCSL/master/Membranophones/Struck%20Membranophones/Tom%201/Stick/TomH_HitS_v3_rr1_Mid.wav
tom	Membranophones/Struck Membranophones/Tom 1/Stick/TomH_HitS_v3_rr2_Mid.wav	https://raw.githubusercontent.com/sgossner/VCSL/master/Membranophones/Struck%20Membranophones/Tom%201/Stick/TomH_HitS_v3_rr2_Mid.wav
tom	Membranophones/Struck Membranophones/Tom 1/Stick/TomH_HitS_v4_rr1_Mid.wav	https://raw.githubusercontent.com/sgossner/VCSL/master/Membranophones/Struck%20Membranophones/Tom%201/Stick/TomH_HitS_v4_rr1_Mid.wav
tom	Membranophones/Struck Membranophones/Tom 1/Stick/TomH_HitS_v4_rr2_Mid.wav	https://raw.githubusercontent.com/sgossner/VCSL/master/Membranophones/Struck%20Membranophones/Tom%201/Stick/TomH_HitS_v4_rr2_Mid.wav
tom	Membranophones/Struck Membranophones/Tom 1/Stick/TomH_RollS_v1_rr1_Mid.wav	https://raw.githubusercontent.com/sgossner/VCSL/master/Membranophones/Struck%20Membranophones/Tom%201/Stick/TomH_RollS_v1_rr1_Mid.wav
tom	Membranophones/Struck Membranophones/Tom 1/Stick/TomH_RollS_v2_rr1_Mid.wav	https://raw.githubusercontent.com/sgossner/VCSL/master/Membranophones/Struck%20Membranophones/Tom%201/Stick/TomH_RollS_v2_rr1_Mid.wav
tom	Membranophones/Struck Membranophones/Tom 1/TomH_rimFLS_rr2_Mid.wav	https://raw.githubusercontent.com/sgossner/VCSL/master/Membranophones/Struck%20Membranophones/Tom%201/TomH_rimFLS_rr2_Mid.wav
tom	Membranophones/Struck Membranophones/Tom 1/TomH_rimFLS_rr4_Mid.wav	https://raw.githubusercontent.com/sgossner/VCSL/master/Membranophones/Struck%20Membranophones/Tom%201/TomH_rimFLS_rr4_Mid.wav
tom	Membranophones/Struck Membranophones/Tom 1/TomH_rimS_v2_rr1_Mid.wav	https://raw.githubusercontent.com/sgossner/VCSL/master/Membranophones/Struck%20Membranophones/Tom%201/TomH_rimS_v2_rr1_Mid.wav
tom	Membranophones/Struck Membranophones/Tom 1/TomH_rimS_v2_rr2_Mid.wav	https://raw.githubusercontent.com/sgossner/VCSL/master/Membranophones/Struck%20Membranophones/Tom%201/TomH_rimS_v2_rr2_Mid.wav
tom	Membranophones/Struck Membranophones/Tom 1/TomH_rimS_v4_rr1_Mid.wav	https://raw.githubusercontent.com/sgossner/VCSL/master/Membranophones/Struck%20Membranophones/Tom%201/TomH_rimS_v4_rr1_Mid.wav
tom	Membranophones/Struck Membranophones/Tom 1/TomH_rimS_v4_rr2_Mid.wav	https://raw.githubusercontent.com/sgossner/VCSL/master/Membranophones/Struck%20Membranophones/Tom%201/TomH_rimS_v4_rr2_Mid.wav
bongo	Membranophones/Struck Membranophones/Bongos/BongoH_Hit1_v1_rr1_Mid.wav	https://raw.githubusercontent.com/sgossner/VCSL/master/Membranophones/Struck%20Membranophones/Bongos/BongoH_Hit1_v1_rr1_Mid.wav
bongo	Membranophones/Struck Membranophones/Bongos/BongoH_Hit1_v1_rr2_Mid.wav	https://raw.githubusercontent.com/sgossner/VCSL/master/Membranophones/Struck%20Membranophones/Bongos/BongoH_Hit1_v1_rr2_Mid.wav
bongo	Membranophones/Struck Membranophones/Bongos/BongoH_Hit1_v2_rr1_Mid.wav	https://raw.githubusercontent.com/sgossner/VCSL/master/Membranophones/Struck%20Membranophones/Bongos/BongoH_Hit1_v2_rr1_Mid.wav
bongo	Membranophones/Struck Membranophones/Bongos/BongoH_Hit1_v2_rr2_Mid.wav	https://raw.githubusercontent.com/sgossner/VCSL/master/Membranophones/Struck%20Membranophones/Bongos/BongoH_Hit1_v2_rr2_Mid.wav
bongo	Membranophones/Struck Membranophones/Bongos/BongoH_Hit1_v3_rr1_Mid.wav	https://raw.githubusercontent.com/sgossner/VCSL/master/Membranophones/Struck%20Membranophones/Bongos/BongoH_Hit1_v3_rr1_Mid.wav
bongo	Membranophones/Struck Membranophones/Bongos/BongoH_Hit1_v3_rr2_Mid.wav	https://raw.githubusercontent.com/sgossner/VCSL/master/Membranophones/Struck%20Membranophones/Bongos/BongoH_Hit1_v3_rr2_Mid.wav
bongo	Membranophones/Struck Membranophones/Bongos/BongoH_HitMuted1_v1_rr1_Mid.wav	https://raw.githubusercontent.com/sgossner/VCSL/master/Membranophones/Struck%20Membranophones/Bongos/BongoH_HitMuted1_v1_rr1_Mid.wav
bongo	Membranophones/Struck Membranophones/Bongos/BongoH_HitMuted1_v1_rr2_Mid.wav	https://raw.githubusercontent.com/sgossner/VCSL/master/Membranophones/Struck%20Membranophones/Bongos/BongoH_HitMuted1_v1_rr2_Mid.wav
bongo	Membranophones/Struck Membranophones/Bongos/BongoH_HitMuted1_v2_rr1_Mid.wav	https://raw.githubusercontent.com/sgossner/VCSL/master/Membranophones/Struck%20Membranophones/Bongos/BongoH_HitMuted1_v2_rr1_Mid.wav
bongo	Membranophones/Struck Membranophones/Bongos/BongoH_HitMuted1_v2_rr2_Mid.wav	https://raw.githubusercontent.com/sgossner/VCSL/master/Membranophones/Struck%20Membranophones/Bongos/BongoH_HitMuted1_v2_rr2_Mid.wav
bongo	Membranophones/Struck Membranophones/Bongos/BongoH_HitMuted1_v3_rr1_Mid.wav	https://raw.githubusercontent.com/sgossner/VCSL/master/Membranophones/Struck%20Membranophones/Bongos/BongoH_HitMuted1_v3_rr1_Mid.wav
bongo	Membranophones/Struck Membranophones/Bongos/BongoH_HitMuted1_v3_rr2_Mid.wav	https://raw.githubusercontent.com/sgossner/VCSL/master/Membranophones/Struck%20Membranophones/Bongos/BongoH_HitMuted1_v3_rr2_Mid.wav
bongo	Membranophones/Struck Membranophones/Bongos/BongoH_Roll_v2_rr1_Mid.wav	https://raw.githubusercontent.com/sgossner/VCSL/master/Membranophones/Struck%20Membranophones/Bongos/BongoH_Roll_v2_rr1_Mid.wav
bongo	Membranophones/Struck Membranophones/Bongos/BongoH_Roll_v3_rr1_Mid.wav	https://raw.githubusercontent.com/sgossner/VCSL/master/Membranophones/Struck%20Membranophones/Bongos/BongoH_Roll_v3_rr1_Mid.wav
bongo	Membranophones/Struck Membranophones/Bongos/BongoL_Hit1_v1_rr1_Mid.wav	https://raw.githubusercontent.com/sgossner/VCSL/master/Membranophones/Struck%20Membranophones/Bongos/BongoL_Hit1_v1_rr1_Mid.wav
bongo	Membranophones/Struck Membranophones/Bongos/BongoL_Hit1_v1_rr2_Mid.wav	https://raw.githubusercontent.com/sgossner/VCSL/master/Membranophones/Struck%20Membranophones/Bongos/BongoL_Hit1_v1_rr2_Mid.wav
bongo	Membranophones/Struck Membranophones/Bongos/BongoL_Hit1_v2_rr1_Mid.wav	https://raw.githubusercontent.com/sgossner/VCSL/master/Membranophones/Struck%20Membranophones/Bongos/BongoL_Hit1_v2_rr1_Mid.wav
bongo	Membranophones/Struck Membranophones/Bongos/BongoL_Hit1_v2_rr2_Mid.wav	https://raw.githubusercontent.com/sgossner/VCSL/master/Membranophones/Struck%20Membranophones/Bongos/BongoL_Hit1_v2_rr2_Mid.wav
bongo	Membranophones/Struck Membranophones/Bongos/BongoL_Hit1_v3_rr1_Mid.wav	https://raw.githubusercontent.com/sgossner/VCSL/master/Membranophones/Struck%20Membranophones/Bongos/BongoL_Hit1_v3_rr1_Mid.wav
bongo	Membranophones/Struck Membranophones/Bongos/BongoL_Hit1_v3_rr2_Mid.wav	https://raw.githubusercontent.com/sgossner/VCSL/master/Membranophones/Struck%20Membranophones/Bongos/BongoL_Hit1_v3_rr2_Mid.wav
bongo	Membranophones/Struck Membranophones/Bongos/BongoL_HitMuted2_v1_rr1_Mid.wav	https://raw.githubusercontent.com/sgossner/VCSL/master/Membranophones/Struck%20Membranophones/Bongos/BongoL_HitMuted2_v1_rr1_Mid.wav
bongo	Membranophones/Struck Membranophones/Bongos/BongoL_HitMuted2_v1_rr2_Mid.wav	https://raw.githubusercontent.com/sgossner/VCSL/master/Membranophones/Struck%20Membranophones/Bongos/BongoL_HitMuted2_v1_rr2_Mid.wav
bongo	Membranophones/Struck Membranophones/Bongos/BongoL_HitMuted2_v2_rr1_Mid.wav	https://raw.githubusercontent.com/sgossner/VCSL/master/Membranophones/Struck%20Membranophones/Bongos/BongoL_HitMuted2_v2_rr1_Mid.wav
bongo	Membranophones/Struck Membranophones/Bongos/BongoL_HitMuted2_v2_rr2_Mid.wav	https://raw.githubusercontent.com/sgossner/VCSL/master/Membranophones/Struck%20Membranophones/Bongos/BongoL_HitMuted2_v2_rr2_Mid.wav
bongo	Membranophones/Struck Membranophones/Bongos/BongoL_HitMuted2_v3_rr1_Mid.wav	https://raw.githubusercontent.com/sgossner/VCSL/master/Membranophones/Struck%20Membranophones/Bongos/BongoL_HitMuted2_v3_rr1_Mid.wav
bongo	Membranophones/Struck Membranophones/Bongos/BongoL_HitMuted2_v3_rr2_Mid.wav	https://raw.githubusercontent.com/sgossner/VCSL/master/Membranophones/Struck%20Membranophones/Bongos/BongoL_HitMuted2_v3_rr2_Mid.wav
bongo	Membranophones/Struck Membranophones/Bongos/BongoL_Roll_v2_rr1_Mid.wav	https://raw.githubusercontent.com/sgossner/VCSL/master/Membranophones/Struck%20Membranophones/Bongos/BongoL_Roll_v2_rr1_Mid.wav
bongo	Membranophones/Struck Membranophones/Bongos/BongoL_Roll_v3_rr1_Mid.wav	https://raw.githubusercontent.com/sgossner/VCSL/master/Membranophones/Struck%20Membranophones/Bongos/BongoL_Roll_v3_rr1_Mid.wav
conga	Membranophones/Struck Membranophones/Conga/Conga_HitFM_v1_rr1_Sum.wav	https://raw.githubusercontent.com/sgossner/VCSL/master/Membranophones/Struck%20Membranophones/Conga/Conga_HitFM_v1_rr1_Sum.wav
conga	Membranophones/Struck Membranophones/Conga/Conga_HitFM_v1_rr2_Sum.wav	https://raw.githubusercontent.com/sgossner/VCSL/master/Membranophones/Struck%20Membranophones/Conga/Conga_HitFM_v1_rr2_Sum.wav
conga	Membranophones/Struck Membranophones/Conga/Conga_HitFM_v2_rr1_Sum.wav	https://raw.githubusercontent.com/sgossner/VCSL/master/Membranophones/Struck%20Membranophones/Conga/Conga_HitFM_v2_rr1_Sum.wav
conga	Membranophones/Struck Membranophones/Conga/Conga_HitFM_v2_rr2_Sum.wav	https://raw.githubusercontent.com/sgossner/VCSL/master/Membranophones/Struck%20Membranophones/Conga/Conga_HitFM_v2_rr2_Sum.wav
conga	Membranophones/Struck Membranophones/Conga/Conga_HitN_v1_rr1_Sum.wav	https://raw.githubusercontent.com/sgossner/VCSL/master/Membranophones/Struck%20Membranophones/Conga/Conga_HitN_v1_rr1_Sum.wav
conga	Membranophones/Struck Membranophones/Conga/Conga_HitN_v1_rr2_Sum.wav	https://raw.githubusercontent.com/sgossner/VCSL/master/Membranophones/Struck%20Membranophones/Conga/Conga_HitN_v1_rr2_Sum.wav
conga	Membranophones/Struck Membranophones/Conga/Conga_HitN_v2_rr1_Sum.wav	https://raw.githubusercontent.com/sgossner/VCSL/master/Membranophones/Struck%20Membranophones/Conga/Conga_HitN_v2_rr1_Sum.wav
conga	Membranophones/Struck Membranophones/Conga/Conga_HitN_v2_rr2_Sum.wav	https://raw.githubusercontent.com/sgossner/VCSL/master/Membranophones/Struck%20Membranophones/Conga/Conga_HitN_v2_rr2_Sum.wav
conga	Membranophones/Struck Membranophones/Conga/Conga_HitN_v3_rr1_Sum.wav	https://raw.githubusercontent.com/sgossner/VCSL/master/Membranophones/Struck%20Membranophones/Conga/Conga_HitN_v3_rr1_Sum.wav
conga	Membranophones/Struck Membranophones/Conga/Conga_HitN_v3_rr2_Sum.wav	https://raw.githubusercontent.com/sgossner/VCSL/master/Membranophones/Struck%20Membranophones/Conga/Conga_HitN_v3_rr2_Sum.wav
conga	Membranophones/Struck Membranophones/Conga/Quinto_HitFM1_v1_rr1_Sum.wav	https://raw.githubusercontent.com/sgossner/VCSL/master/Membranophones/Struck%20Membranophones/Conga/Quinto_HitFM1_v1_rr1_Sum.wav
conga	Membranophones/Struck Membranophones/Conga/Quinto_HitFM1_v1_rr2_Sum.wav	https://raw.githubusercontent.com/sgossner/VCSL/master/Membranophones/Struck%20Membranophones/Conga/Quinto_HitFM1_v1_rr2_Sum.wav
conga	Membranophones/Struck Membranophones/Conga/Quinto_HitFM1_v2_rr1_Sum.wav	https://raw.githubusercontent.com/sgossner/VCSL/master/Membranophones/Struck%20Membranophones/Conga/Quinto_HitFM1_v2_rr1_Sum.wav
conga	Membranophones/Struck Membranophones/Conga/Quinto_HitFM1_v2_rr2_Sum.wav	https://raw.githubusercontent.com/sgossner/VCSL/master/Membranophones/Struck%20Membranophones/Conga/Quinto_HitFM1_v2_rr2_Sum.wav
conga	Membranophones/Struck Membranophones/Conga/Quinto_HitN_v1_rr1_Sum.wav	https://raw.githubusercontent.com/sgossner/VCSL/master/Membranophones/Struck%20Membranophones/Conga/Quinto_HitN_v1_rr1_Sum.wav
conga	Membranophones/Struck Membranophones/Conga/Quinto_HitN_v1_rr2_Sum.wav	https://raw.githubusercontent.com/sgossner/VCSL/master/Membranophones/Struck%20Membranophones/Conga/Quinto_HitN_v1_rr2_Sum.wav
conga	Membranophones/Struck Membranophones/Conga/Quinto_HitN_v2_rr1_Sum.wav	https://raw.githubusercontent.com/sgossner/VCSL/master/Membranophones/Struck%20Membranophones/Conga/Quinto_HitN_v2_rr1_Sum.wav
conga	Membranophones/Struck Membranophones/Conga/Quinto_HitN_v2_rr2_Sum.wav	https://raw.githubusercontent.com/sgossner/VCSL/master/Membranophones/Struck%20Membranophones/Conga/Quinto_HitN_v2_rr2_Sum.wav
conga	Membranophones/Struck Membranophones/Conga/Quinto_HitN_v3_rr1_Sum.wav	https://raw.githubusercontent.com/sgossner/VCSL/master/Membranophones/Struck%20Membranophones/Conga/Quinto_HitN_v3_rr1_Sum.wav
conga	Membranophones/Struck Membranophones/Conga/Quinto_HitN_v3_rr2_Sum.wav	https://raw.githubusercontent.com/sgossner/VCSL/master/Membranophones/Struck%20Membranophones/Conga/Quinto_HitN_v3_rr2_Sum.wav
conga	Membranophones/Struck Membranophones/Conga/Tumba_HitFM_v2_rr1_Sum.wav	https://raw.githubusercontent.com/sgossner/VCSL/master/Membranophones/Struck%20Membranophones/Conga/Tumba_HitFM_v2_rr1_Sum.wav
conga	Membranophones/Struck Membranophones/Conga/Tumba_HitFM_v2_rr2_Sum.wav	https://raw.githubusercontent.com/sgossner/VCSL/master/Membranophones/Struck%20Membranophones/Conga/Tumba_HitFM_v2_rr2_Sum.wav
conga	Membranophones/Struck Membranophones/Conga/Tumba_HitFM_v3_rr1_Sum.wav	https://raw.githubusercontent.com/sgossner/VCSL/master/Membranophones/Struck%20Membranophones/Conga/Tumba_HitFM_v3_rr1_Sum.wav
conga	Membranophones/Struck Membranophones/Conga/Tumba_HitFM_v3_rr2_Sum.wav	https://raw.githubusercontent.com/sgossner/VCSL/master/Membranophones/Struck%20Membranophones/Conga/Tumba_HitFM_v3_rr2_Sum.wav
conga	Membranophones/Struck Membranophones/Conga/Tumba_HitFM_v4_rr1_Sum.wav	https://raw.githubusercontent.com/sgossner/VCSL/master/Membranophones/Struck%20Membranophones/Conga/Tumba_HitFM_v4_rr1_Sum.wav
conga	Membranophones/Struck Membranophones/Conga/Tumba_HitFM_v4_rr2_Sum.wav	https://raw.githubusercontent.com/sgossner/VCSL/master/Membranophones/Struck%20Membranophones/Conga/Tumba_HitFM_v4_rr2_Sum.wav
conga	Membranophones/Struck Membranophones/Conga/Tumba_HitN_v1_rr1_Sum.wav	https://raw.githubusercontent.com/sgossner/VCSL/master/Membranophones/Struck%20Membranophones/Conga/Tumba_HitN_v1_rr1_Sum.wav
conga	Membranophones/Struck Membranophones/Conga/Tumba_HitN_v1_rr2_Sum.wav	https://raw.githubusercontent.com/sgossner/VCSL/master/Membranophones/Struck%20Membranophones/Conga/Tumba_HitN_v1_rr2_Sum.wav
conga	Membranophones/Struck Membranophones/Conga/Tumba_HitN_v2_rr1_Sum.wav	https://raw.githubusercontent.com/sgossner/VCSL/master/Membranophones/Struck%20Membranophones/Conga/Tumba_HitN_v2_rr1_Sum.wav
conga	Membranophones/Struck Membranophones/Conga/Tumba_HitN_v2_rr2_Sum.wav	https://raw.githubusercontent.com/sgossner/VCSL/master/Membranophones/Struck%20Membranophones/Conga/Tumba_HitN_v2_rr2_Sum.wav
conga	Membranophones/Struck Membranophones/Conga/Tumba_HitN_v3_rr1_Sum.wav	https://raw.githubusercontent.com/sgossner/VCSL/master/Membranophones/Struck%20Membranophones/Conga/Tumba_HitN_v3_rr1_Sum.wav
conga	Membranophones/Struck Membranophones/Conga/Tumba_HitN_v3_rr2_Sum.wav	https://raw.githubusercontent.com/sgossner/VCSL/master/Membranophones/Struck%20Membranophones/Conga/Tumba_HitN_v3_rr2_Sum.wav
conga	Membranophones/Struck Membranophones/Conga/Tumba_HitN_v4_rr1_Sum.wav	https://raw.githubusercontent.com/sgossner/VCSL/master/Membranophones/Struck%20Membranophones/Conga/Tumba_HitN_v4_rr1_Sum.wav
conga	Membranophones/Struck Membranophones/Conga/Tumba_HitN_v4_rr2_Sum.wav	https://raw.githubusercontent.com/sgossner/VCSL/master/Membranophones/Struck%20Membranophones/Conga/Tumba_HitN_v4_rr2_Sum.wav
oceandrum	Membranophones/Other Membranophones/Ocean Drum/OceanDrum_Sus_1_Mid.wav	https://raw.githubusercontent.com/sgossner/VCSL/master/Membranophones/Other%20Membranophones/Ocean%20Drum/OceanDrum_Sus_1_Mid.wav
oceandrum	Membranophones/Other Membranophones/Ocean Drum/OceanDrum_Sus_2_Mid.wav	https://raw.githubusercontent.com/sgossner/VCSL/master/Membranophones/Other%20Membranophones/Ocean%20Drum/OceanDrum_Sus_2_Mid.wav
oceandrum	Membranophones/Other Membranophones/Ocean Drum/OceanDrum_Sus_3_Mid.wav	https://raw.githubusercontent.com/sgossner/VCSL/master/Membranophones/Other%20Membranophones/Ocean%20Drum/OceanDrum_Sus_3_Mid.wav
wineglass	Idiophones/Friction Idiophones/Wine Glasses/Sustains/Fast/glass1_D#4_Fast_1_main.wav	https://raw.githubusercontent.com/sgossner/VCSL/master/Idiophones/Friction%20Idiophones/Wine%20Glasses/Sustains/Fast/glass1_D%234_Fast_1_main.wav
wineglass	Idiophones/Friction Idiophones/Wine Glasses/Sustains/Fast/glass2_F#4_Fast_1_Main.wav	https://raw.githubusercontent.com/sgossner/VCSL/master/Idiophones/Friction%20Idiophones/Wine%20Glasses/Sustains/Fast/glass2_F%234_Fast_1_Main.wav
wineglass	Idiophones/Friction Idiophones/Wine Glasses/Sustains/Fast/glass3_A#4_Fast_1_Main.wav	https://raw.githubusercontent.com/sgossner/VCSL/master/Idiophones/Friction%20Idiophones/Wine%20Glasses/Sustains/Fast/glass3_A%234_Fast_1_Main.wav
wineglass	Idiophones/Friction Idiophones/Wine Glasses/Sustains/Fast/glass4_D5_Fast_1_Main.wav	https://raw.githubusercontent.com/sgossner/VCSL/master/Idiophones/Friction%20Idiophones/Wine%20Glasses/Sustains/Fast/glass4_D5_Fast_1_Main.wav
